id,net,net_num,malaria_risk,income,health,household,eligible,temperature,insecticide_resistance,genetic_resistance
1,FALSE,0,38,779,35,1,FALSE,18.3,38,0
2,FALSE,0,48,700,35,3,FALSE,18.6,40,0
3,FALSE,0,32,1083,58,3,FALSE,24.2,70,0
4,FALSE,0,55,753,68,3,FALSE,19.1,57,0
5,FALSE,0,36,919,46,5,FALSE,21.2,59,0
6,FALSE,0,30,969,37,3,FALSE,20.2,49,0
7,FALSE,0,29,1012,58,1,FALSE,18.9,52,0
8,FALSE,0,45,708,30,2,FALSE,28.8,42,1
9,FALSE,0,51,733,18,3,FALSE,19.9,66,0
10,FALSE,0,42,862,64,3,FALSE,21.4,45,0
11,FALSE,0,60,681,30,4,FALSE,18.1,78,0
12,FALSE,0,50,683,20,3,FALSE,17.3,58,0
13,FALSE,0,61,642,24,2,FALSE,19.6,64,0
14,FALSE,0,71,522,8,5,TRUE,18.5,71,0
15,FALSE,0,57,706,42,2,FALSE,22.1,49,0
16,TRUE,1,15,1251,96,4,FALSE,21.8,24,0
17,FALSE,0,49,709,66,2,FALSE,27,41,1
18,TRUE,1,28,892,49,2,FALSE,20.2,58,0
19,TRUE,1,18,1273,94,2,FALSE,19.9,67,0
20,FALSE,0,29,1166,70,2,FALSE,27.1,52,0
21,FALSE,0,50,818,51,2,FALSE,21.6,62,0
22,TRUE,1,17,1292,63,2,FALSE,24.8,63,0
23,FALSE,0,59,751,35,2,FALSE,24.4,64,0
24,FALSE,0,43,844,29,1,FALSE,22.4,60,0
25,FALSE,0,50,877,57,2,FALSE,28.6,47,0
26,FALSE,0,33,1006,56,4,FALSE,22.2,64,0
27,FALSE,0,59,666,35,3,FALSE,22.4,42,0
28,TRUE,1,22,1235,70,5,FALSE,31,54,0
29,FALSE,0,30,982,66,4,FALSE,18.3,42,0
30,TRUE,1,34,798,36,1,FALSE,23.6,56,0
31,FALSE,0,57,722,26,3,FALSE,23.7,57,0
32,TRUE,1,29,933,52,2,FALSE,26,48,0
33,FALSE,0,37,843,32,2,FALSE,19.8,50,0
34,FALSE,0,32,1082,74,3,FALSE,25.1,56,0
35,FALSE,0,59,662,40,2,FALSE,23.7,33,0
36,FALSE,0,42,883,39,4,FALSE,22.6,64,0
37,TRUE,1,26,892,31,2,FALSE,20.1,53,0
38,FALSE,0,57,789,54,2,FALSE,24.7,57,0
39,FALSE,0,31,958,62,7,FALSE,17.9,47,0
40,FALSE,0,57,565,21,4,FALSE,20.1,22,0
41,FALSE,0,80,504,13,3,FALSE,26.7,60,0
42,FALSE,0,57,846,54,3,FALSE,31.3,46,0
43,FALSE,0,50,885,54,2,FALSE,26.7,58,0
44,TRUE,1,23,1240,82,3,FALSE,27.3,79,0
45,TRUE,1,18,970,56,2,FALSE,22.2,33,1
46,FALSE,0,25,1227,76,3,FALSE,20.8,69,0
47,FALSE,0,25,1155,57,4,FALSE,23.7,44,0
48,FALSE,0,51,713,26,3,FALSE,20.6,49,0
49,FALSE,0,39,844,43,2,FALSE,21.3,42,0
50,FALSE,0,39,1008,79,4,FALSE,28.2,42,0
51,TRUE,1,28,908,68,1,FALSE,22.5,33,0
52,FALSE,0,25,1235,71,2,FALSE,25.8,51,0
53,FALSE,0,80,527,12,4,FALSE,29.4,56,0
54,FALSE,0,31,1109,77,3,FALSE,27.4,47,0
55,TRUE,1,18,1290,74,2,FALSE,32.2,26,0
56,FALSE,0,30,1032,53,3,FALSE,23.4,44,0
57,FALSE,0,81,336,13,3,FALSE,16.8,55,0
58,FALSE,0,17,1343,91,4,FALSE,29.1,39,1
59,TRUE,1,35,676,8,2,FALSE,23.2,41,0
60,FALSE,0,34,1001,60,4,FALSE,28.2,33,0
61,FALSE,0,35,1052,71,5,FALSE,26.6,58,0
62,FALSE,0,26,1270,79,1,FALSE,31.9,40,0
63,FALSE,0,74,673,28,2,FALSE,24.9,95,0
64,FALSE,0,22,1189,66,1,FALSE,16.6,64,0
65,FALSE,0,33,975,48,2,FALSE,23.3,47,0
66,FALSE,0,52,854,58,4,FALSE,27.3,50,0
67,FALSE,0,33,1000,92,2,FALSE,21.4,39,0
68,TRUE,1,17,1037,62,3,FALSE,20.9,54,1
69,FALSE,0,42,821,33,1,FALSE,21.8,50,0
70,FALSE,0,33,908,38,3,FALSE,25.4,25,0
71,FALSE,0,29,1025,64,1,FALSE,24.9,23,0
72,TRUE,1,51,693,43,5,TRUE,26.8,58,0
73,FALSE,0,37,959,60,1,FALSE,31.7,16,0
74,TRUE,1,28,960,60,4,FALSE,25.7,44,0
75,FALSE,0,34,1122,75,1,FALSE,27.7,73,0
76,FALSE,0,51,695,52,3,FALSE,21.1,26,0
77,FALSE,0,65,663,37,2,FALSE,24.1,54,0
78,TRUE,1,24,1096,67,1,FALSE,23.1,72,0
79,FALSE,0,73,539,15,2,FALSE,23.7,57,0
80,FALSE,0,41,856,51,3,FALSE,17.3,68,0
81,TRUE,1,17,1060,84,5,FALSE,23.4,36,1
82,FALSE,0,30,1066,88,3,FALSE,30.3,59,1
83,FALSE,0,60,787,54,2,FALSE,27.9,52,0
84,FALSE,0,47,884,37,3,FALSE,25.3,69,0
85,FALSE,0,38,1005,67,2,FALSE,20.8,85,0
86,FALSE,0,56,726,27,5,FALSE,24.6,51,0
87,FALSE,0,31,1070,42,2,FALSE,25.4,65,0
88,FALSE,0,56,670,37,2,FALSE,20.8,44,0
89,TRUE,1,24,948,42,2,FALSE,20.8,44,0
90,TRUE,1,33,866,48,5,FALSE,29.2,42,0
91,FALSE,0,43,794,61,2,FALSE,20.9,30,0
92,FALSE,0,57,834,63,5,FALSE,28,51,0
93,TRUE,1,25,987,56,1,FALSE,22.1,49,0
94,FALSE,0,62,802,41,1,FALSE,30,60,0
95,FALSE,0,23,1198,65,1,FALSE,22.3,46,0
96,FALSE,0,34,921,46,3,FALSE,24,36,0
97,FALSE,0,66,574,17,2,FALSE,22.2,48,0
98,FALSE,0,30,1131,81,1,FALSE,20.2,76,0
99,FALSE,0,57,785,52,2,FALSE,25.1,56,0
100,FALSE,0,55,796,41,4,FALSE,26.3,53,0
101,FALSE,0,64,697,54,1,FALSE,21.7,65,0
102,FALSE,0,45,855,46,3,FALSE,19.2,75,0
103,FALSE,0,52,985,71,2,FALSE,29.8,74,0
104,TRUE,1,32,911,42,2,FALSE,30.1,43,0
105,FALSE,0,74,424,8,1,FALSE,18.7,48,0
106,FALSE,0,79,427,5,2,FALSE,24.3,44,0
107,FALSE,0,21,1274,77,2,FALSE,21.1,47,0
108,TRUE,1,23,891,43,1,FALSE,22.9,56,1
109,FALSE,0,22,1188,75,3,FALSE,18.4,43,0
110,FALSE,0,45,599,27,1,FALSE,23.6,33,1
111,FALSE,0,54,729,34,4,FALSE,23.7,46,0
112,FALSE,0,44,761,36,1,FALSE,25.8,70,1
113,FALSE,0,33,1210,88,6,FALSE,30.3,76,0
114,FALSE,0,29,1074,45,1,FALSE,26.2,44,0
115,FALSE,0,49,893,9,2,FALSE,31.8,61,0
116,FALSE,0,63,754,46,5,FALSE,29.2,48,0
117,FALSE,0,33,1066,69,5,FALSE,27.3,48,0
118,FALSE,0,32,883,34,2,FALSE,18.6,40,0
119,FALSE,0,32,893,38,1,FALSE,21.4,27,0
120,FALSE,0,44,1006,76,4,FALSE,25.6,75,0
121,TRUE,1,41,674,32,4,FALSE,19.9,61,0
122,TRUE,1,36,608,19,5,TRUE,20.7,24,0
123,TRUE,1,38,463,11,7,TRUE,19.9,44,1
124,FALSE,0,30,1133,74,5,FALSE,21.9,72,0
125,FALSE,0,25,932,56,3,FALSE,17.4,51,1
126,TRUE,1,32,889,57,2,FALSE,24.9,52,0
127,TRUE,1,52,633,15,2,FALSE,26.3,62,0
128,FALSE,0,69,505,11,3,FALSE,17.3,64,0
129,TRUE,1,16,1043,61,3,FALSE,17.7,58,1
130,FALSE,0,34,999,60,2,FALSE,23.7,55,0
131,FALSE,0,54,730,54,6,FALSE,16.3,71,0
132,FALSE,0,40,957,58,3,FALSE,22.1,74,0
133,FALSE,0,25,1333,100,1,FALSE,28.4,53,0
134,FALSE,0,26,1183,80,3,FALSE,23.3,46,0
135,FALSE,0,57,751,47,5,FALSE,24.5,50,0
136,FALSE,0,56,641,27,3,FALSE,17.7,54,0
137,FALSE,0,29,1187,75,5,FALSE,30.3,40,0
138,FALSE,0,53,795,49,3,FALSE,23.2,59,0
139,TRUE,1,36,818,57,3,FALSE,29.4,31,0
140,TRUE,1,48,684,48,5,TRUE,18.9,81,0
141,FALSE,0,62,568,28,3,FALSE,24.5,14,0
142,FALSE,0,63,711,63,7,FALSE,23.1,52,0
143,TRUE,1,29,1028,81,2,FALSE,28.9,49,0
144,TRUE,1,20,1105,74,3,FALSE,18.4,57,0
145,FALSE,0,69,602,32,2,FALSE,25.1,44,0
146,FALSE,0,41,882,38,3,FALSE,17.9,84,0
147,FALSE,0,48,894,46,4,FALSE,29.4,47,0
148,FALSE,0,46,1010,76,3,FALSE,31.9,50,0
149,FALSE,0,59,874,49,6,FALSE,30.8,66,0
150,FALSE,0,47,758,35,3,FALSE,18.4,60,0
151,TRUE,1,28,948,56,3,FALSE,24.1,52,0
152,FALSE,0,41,937,50,2,FALSE,27.9,47,0
153,FALSE,0,25,1209,59,1,FALSE,27.6,46,0
154,FALSE,0,43,840,41,4,FALSE,26.3,30,0
155,TRUE,1,30,989,73,2,FALSE,27,59,0
156,FALSE,0,53,761,33,7,FALSE,22.9,56,0
157,TRUE,1,25,1000,41,3,FALSE,27.6,34,0
158,TRUE,1,33,662,23,8,TRUE,16.3,47,0
159,FALSE,0,47,923,42,2,FALSE,27.1,68,0
160,FALSE,0,90,340,15,3,FALSE,26.3,68,0
161,FALSE,0,38,754,35,3,FALSE,17.2,32,0
162,FALSE,0,50,944,70,3,FALSE,28.3,61,0
163,FALSE,0,60,751,55,3,FALSE,24.9,51,0
164,FALSE,0,53,693,13,2,FALSE,21.2,55,0
165,TRUE,1,23,942,42,1,FALSE,20.4,37,0
166,FALSE,0,54,713,10,3,FALSE,24.9,46,0
167,FALSE,0,32,799,30,3,FALSE,17.7,20,0
168,FALSE,0,33,994,56,1,FALSE,26.3,39,0
169,TRUE,1,17,976,31,4,FALSE,20.6,45,1
170,TRUE,1,17,1124,62,2,FALSE,23.7,68,1
171,FALSE,0,40,939,58,4,FALSE,28.3,34,0
172,FALSE,0,30,1077,57,3,FALSE,24.9,54,0
173,FALSE,0,52,829,35,4,FALSE,27.8,51,0
174,FALSE,0,54,720,44,3,FALSE,24.8,30,0
175,FALSE,0,75,564,25,2,FALSE,26.4,54,0
176,FALSE,0,61,888,67,4,FALSE,30.2,72,0
177,FALSE,0,71,664,25,3,FALSE,28,63,0
178,FALSE,0,47,929,54,3,FALSE,26.7,66,0
179,FALSE,0,62,630,48,1,FALSE,20.1,46,0
180,FALSE,0,34,923,44,2,FALSE,19.3,63,0
181,FALSE,0,25,1098,54,3,FALSE,26.6,15,0
182,FALSE,0,42,928,73,2,FALSE,27.6,31,0
183,FALSE,0,53,738,50,3,FALSE,21.2,47,0
184,FALSE,0,62,827,58,1,FALSE,31.7,51,0
185,FALSE,0,72,549,7,6,TRUE,24.1,57,0
186,FALSE,0,69,609,29,1,FALSE,22.8,60,0
187,FALSE,0,50,900,54,4,FALSE,30.8,43,0
188,TRUE,1,34,758,33,3,FALSE,23.7,43,0
189,FALSE,0,33,883,47,2,FALSE,17.6,44,0
190,FALSE,0,33,920,52,4,FALSE,20.2,41,0
191,TRUE,1,32,766,37,3,FALSE,19.7,48,0
192,FALSE,0,34,1000,60,7,FALSE,23.3,62,0
193,TRUE,1,17,1091,63,1,FALSE,23.3,56,1
194,FALSE,0,28,1008,64,5,FALSE,17.7,43,0
195,FALSE,0,35,765,18,4,FALSE,16.6,40,0
196,TRUE,1,30,737,23,4,FALSE,16.4,48,0
197,FALSE,0,22,1237,87,4,FALSE,19.3,46,0
198,FALSE,0,32,998,50,4,FALSE,19.4,67,0
199,TRUE,1,22,813,39,6,FALSE,24.4,17,1
200,FALSE,0,27,1032,34,3,FALSE,22.6,35,0
201,FALSE,0,46,740,30,3,FALSE,16.9,58,0
202,FALSE,0,61,716,44,3,FALSE,23,59,0
203,TRUE,1,26,1070,69,2,FALSE,29.9,40,0
204,FALSE,0,25,1165,55,4,FALSE,23.9,46,0
205,FALSE,0,50,832,49,3,FALSE,20.6,75,0
206,FALSE,0,56,698,21,4,FALSE,26.3,34,0
207,FALSE,0,41,909,36,2,FALSE,21.7,75,0
208,FALSE,0,82,369,9,2,FALSE,20.9,54,0
209,TRUE,1,20,1078,65,2,FALSE,26.7,65,1
210,FALSE,0,50,773,38,7,FALSE,24.3,42,0
211,FALSE,0,33,939,67,3,FALSE,21.2,33,0
212,TRUE,1,27,1108,62,2,FALSE,32.2,55,0
213,FALSE,0,46,859,63,2,FALSE,22.1,56,0
214,TRUE,1,31,846,51,4,FALSE,24.2,43,0
215,TRUE,1,24,1070,91,3,FALSE,23.8,37,0
216,FALSE,0,27,1254,78,5,FALSE,26.1,68,0
217,FALSE,0,28,1074,64,3,FALSE,24.3,30,0
218,FALSE,0,31,1130,58,4,FALSE,25.4,70,0
219,FALSE,0,28,955,36,3,FALSE,17.9,41,0
220,TRUE,1,24,882,55,4,FALSE,17.9,22,0
221,FALSE,0,48,894,69,3,FALSE,20,81,0
222,TRUE,1,28,879,48,1,FALSE,31.5,55,1
223,FALSE,0,46,851,59,2,FALSE,25.9,34,0
224,TRUE,1,11,1435,88,2,FALSE,21,44,0
225,FALSE,0,29,1113,64,1,FALSE,26.8,38,0
226,FALSE,0,62,637,28,3,FALSE,20.9,54,0
227,TRUE,1,55,585,25,4,FALSE,24.9,51,0
228,FALSE,0,29,817,9,2,FALSE,26.3,32,1
229,FALSE,0,51,798,50,3,FALSE,22.7,53,0
230,FALSE,0,34,852,50,3,FALSE,18.2,40,0
231,TRUE,1,32,921,66,4,FALSE,24.8,59,0
232,FALSE,0,40,770,24,3,FALSE,16.2,58,0
233,TRUE,1,13,1273,87,1,FALSE,25.4,49,1
234,FALSE,0,55,688,41,4,FALSE,21.7,38,0
235,FALSE,0,34,841,54,3,FALSE,28,43,1
236,FALSE,0,43,808,71,2,FALSE,19.7,35,0
237,FALSE,0,47,861,46,4,FALSE,23.7,61,0
238,FALSE,0,47,768,26,2,FALSE,17.9,69,0
239,FALSE,0,27,1090,72,3,FALSE,19.7,50,0
240,FALSE,0,31,1181,70,7,FALSE,31.6,54,0
241,TRUE,1,29,790,41,3,FALSE,17.4,46,0
242,TRUE,1,32,845,39,2,FALSE,24.3,53,0
243,FALSE,0,45,1043,74,2,FALSE,28.7,76,0
244,TRUE,1,16,1340,76,4,FALSE,27.2,53,0
245,FALSE,0,56,812,40,6,FALSE,25.6,69,0
246,FALSE,0,63,604,11,3,FALSE,22.3,53,0
247,FALSE,0,27,1010,75,4,FALSE,16.5,30,0
248,FALSE,0,46,725,39,3,FALSE,20.3,32,0
249,FALSE,0,34,837,50,6,FALSE,18,35,0
250,FALSE,0,52,789,36,4,FALSE,25.9,48,0
251,TRUE,1,39,719,44,3,FALSE,22.6,48,0
252,FALSE,0,38,919,28,3,FALSE,23.3,67,0
253,TRUE,1,17,1176,60,2,FALSE,24.9,26,0
254,FALSE,0,39,837,27,2,FALSE,24.7,34,0
255,TRUE,1,23,1062,77,1,FALSE,26.3,24,0
256,FALSE,0,28,1088,58,3,FALSE,21.8,57,0
257,TRUE,1,36,715,47,2,FALSE,21.2,43,0
258,FALSE,0,23,1232,53,1,FALSE,30.3,23,0
259,FALSE,0,33,1075,71,3,FALSE,30.6,38,0
260,FALSE,0,43,742,47,3,FALSE,29,35,1
261,FALSE,0,32,1044,71,4,FALSE,22.7,54,0
262,FALSE,0,42,945,71,1,FALSE,24.1,57,0
263,FALSE,0,64,598,22,3,FALSE,25.4,31,0
264,TRUE,1,26,1081,64,2,FALSE,27.4,64,0
265,FALSE,0,41,885,51,1,FALSE,21.9,56,0
266,FALSE,0,65,674,28,1,FALSE,26.3,53,0
267,FALSE,0,54,779,63,4,FALSE,21.9,53,0
268,FALSE,0,69,550,25,1,FALSE,20.2,56,0
269,FALSE,0,51,798,47,1,FALSE,21.2,63,0
270,FALSE,0,32,952,60,4,FALSE,20.6,42,0
271,FALSE,0,30,917,36,2,FALSE,27.4,50,1
272,FALSE,0,65,761,51,4,FALSE,22.3,90,0
273,FALSE,0,37,804,52,2,FALSE,17.9,34,0
274,TRUE,1,18,1021,83,4,FALSE,18.3,54,1
275,FALSE,0,63,538,9,1,FALSE,22.3,29,0
276,FALSE,0,45,829,48,3,FALSE,21.7,53,0
277,FALSE,0,58,739,28,4,FALSE,24,63,0
278,FALSE,0,27,1067,70,3,FALSE,25.1,16,0
279,FALSE,0,53,706,39,2,FALSE,21.8,41,0
280,FALSE,0,38,1065,74,2,FALSE,25,82,0
281,FALSE,0,33,845,38,2,FALSE,18.1,38,0
282,FALSE,0,37,722,28,3,FALSE,16.1,29,0
283,TRUE,1,21,1299,89,5,FALSE,31.1,56,0
284,FALSE,0,38,939,60,4,FALSE,25.8,39,0
285,FALSE,0,46,958,66,4,FALSE,25.2,71,0
286,FALSE,0,49,854,36,2,FALSE,24.8,65,0
287,FALSE,0,53,865,53,3,FALSE,26.8,61,0
288,FALSE,0,26,1033,45,2,FALSE,21.9,29,0
289,TRUE,1,23,967,62,4,FALSE,16,55,0
290,FALSE,0,41,861,52,4,FALSE,20.1,55,0
291,FALSE,0,40,814,44,3,FALSE,24.2,20,0
292,TRUE,1,31,652,21,3,FALSE,22.6,58,1
293,FALSE,0,37,869,42,6,FALSE,19.6,54,0
294,TRUE,1,28,838,54,2,FALSE,30.9,34,1
295,FALSE,0,35,867,60,3,FALSE,17.3,46,0
296,FALSE,0,63,600,18,4,FALSE,15.7,79,0
297,TRUE,1,37,724,52,4,FALSE,18.3,61,0
298,FALSE,0,33,888,57,1,FALSE,20.1,31,0
299,FALSE,0,31,929,45,3,FALSE,17.3,51,0
300,FALSE,0,33,1041,40,2,FALSE,24.2,75,0
301,TRUE,1,27,761,45,2,FALSE,22.1,50,1
302,FALSE,0,40,940,75,6,FALSE,24.8,42,0
303,FALSE,0,36,970,50,3,FALSE,22.7,66,0
304,FALSE,0,33,938,69,3,FALSE,19.9,43,0
305,FALSE,0,39,829,34,6,FALSE,20.4,46,0
306,FALSE,0,27,1077,57,3,FALSE,17.8,62,0
307,FALSE,0,42,966,58,2,FALSE,23.7,75,0
308,FALSE,0,53,611,8,7,TRUE,19.7,38,0
309,FALSE,0,63,738,41,3,FALSE,29.3,46,0
310,FALSE,0,33,907,43,4,FALSE,18.7,48,0
311,FALSE,0,63,709,45,5,FALSE,23.3,62,0
312,FALSE,0,37,967,61,4,FALSE,21,72,0
313,FALSE,0,47,972,50,3,FALSE,28.8,74,0
314,TRUE,1,30,669,36,3,FALSE,22.3,46,1
315,TRUE,1,21,1217,79,2,FALSE,25.3,63,0
316,FALSE,0,39,853,46,2,FALSE,22.9,37,0
317,FALSE,0,33,923,52,2,FALSE,20.9,42,0
318,TRUE,1,29,771,50,3,FALSE,17.4,32,0
319,FALSE,0,29,1049,76,2,FALSE,21.8,34,0
320,FALSE,0,42,847,34,4,FALSE,21.9,58,0
321,FALSE,0,30,896,50,2,FALSE,23.1,60,1
322,FALSE,0,41,995,61,5,FALSE,29.4,53,0
323,TRUE,1,23,1056,27,2,FALSE,29.9,39,0
324,FALSE,0,51,812,30,2,FALSE,26.3,54,0
325,FALSE,0,53,702,30,2,FALSE,24.3,32,0
326,FALSE,0,68,544,13,2,FALSE,26.8,24,0
327,FALSE,0,37,1001,76,3,FALSE,27,42,0
328,FALSE,0,42,958,68,2,FALSE,28.1,44,0
329,FALSE,0,22,1177,83,3,FALSE,17.9,36,0
330,FALSE,0,34,883,45,5,FALSE,24.3,21,0
331,TRUE,1,43,703,31,4,FALSE,26.9,43,0
332,FALSE,0,63,704,35,5,FALSE,25,57,0
333,FALSE,0,59,783,58,6,FALSE,24.3,61,0
334,TRUE,1,20,1145,79,2,FALSE,16.7,72,0
335,FALSE,0,40,814,30,3,FALSE,19.8,50,0
336,FALSE,0,63,861,65,2,FALSE,27.7,82,0
337,TRUE,1,22,925,49,2,FALSE,23.6,56,1
338,FALSE,0,26,1092,67,1,FALSE,19.1,47,0
339,TRUE,1,17,1112,71,5,FALSE,30.8,22,1
340,FALSE,0,63,656,23,3,FALSE,18,84,0
341,FALSE,0,72,631,44,6,TRUE,22.9,70,0
342,FALSE,0,84,410,11,2,FALSE,25.4,59,0
343,FALSE,0,65,758,47,3,FALSE,27.4,66,0
344,TRUE,1,27,907,42,6,FALSE,18.8,64,0
345,FALSE,0,45,824,72,2,FALSE,16.3,62,0
346,FALSE,0,28,1088,77,2,FALSE,16.8,63,0
347,FALSE,0,34,1115,71,1,FALSE,28.3,65,0
348,FALSE,0,38,915,39,3,FALSE,27.1,40,0
349,FALSE,0,42,766,38,5,FALSE,17.7,46,0
350,TRUE,1,24,938,59,1,FALSE,27.5,51,1
351,TRUE,1,21,1208,89,2,FALSE,29,37,0
352,TRUE,1,24,1129,76,4,FALSE,22.1,81,0
353,FALSE,0,31,977,45,1,FALSE,24.8,30,0
354,FALSE,0,33,1012,54,4,FALSE,24.7,52,0
355,FALSE,0,33,1099,76,8,FALSE,30.5,38,0
356,FALSE,0,77,392,23,5,TRUE,16.6,51,0
357,TRUE,1,29,755,41,3,FALSE,25.4,52,1
358,FALSE,0,26,1119,66,4,FALSE,21.2,49,0
359,FALSE,0,33,969,54,3,FALSE,31.1,5,0
360,FALSE,0,26,965,62,4,FALSE,17.1,14,0
361,FALSE,0,44,936,48,1,FALSE,27.4,60,0
362,FALSE,0,23,1238,77,3,FALSE,24.9,37,0
363,TRUE,1,33,869,39,3,FALSE,28.2,51,0
364,FALSE,0,43,923,37,2,FALSE,26.9,61,0
365,TRUE,1,26,966,72,4,FALSE,21.3,47,0
366,TRUE,1,25,937,48,6,FALSE,20.9,39,0
367,FALSE,0,62,622,9,3,FALSE,24.2,46,0
368,TRUE,1,36,874,49,2,FALSE,26.2,73,0
369,TRUE,1,21,1106,93,4,FALSE,25.7,72,1
370,FALSE,0,73,707,17,4,FALSE,30.9,77,0
371,TRUE,1,38,661,13,6,TRUE,17.4,71,0
372,FALSE,0,27,1219,91,2,FALSE,31.4,27,0
373,FALSE,0,45,796,56,5,FALSE,24.1,23,0
374,FALSE,0,31,1115,68,3,FALSE,28.1,50,0
375,FALSE,0,62,666,30,2,FALSE,24.3,47,0
376,TRUE,1,40,762,32,2,FALSE,31.6,28,0
377,FALSE,0,34,965,68,4,FALSE,27.3,21,0
378,FALSE,0,56,813,52,1,FALSE,24.1,67,0
379,FALSE,0,81,464,18,3,FALSE,21.1,73,0
380,FALSE,0,43,823,20,3,FALSE,23.3,53,0
381,FALSE,0,35,962,49,2,FALSE,24.1,52,0
382,FALSE,0,81,330,8,2,FALSE,18.7,48,0
383,FALSE,0,35,890,53,1,FALSE,20.6,42,0
384,FALSE,0,57,732,48,1,FALSE,27,29,0
385,FALSE,0,32,1087,60,2,FALSE,29.2,47,0
386,FALSE,0,47,907,58,1,FALSE,30.8,34,0
387,FALSE,0,45,962,48,4,FALSE,31.1,52,0
388,FALSE,0,53,904,48,2,FALSE,30.9,60,0
389,FALSE,0,37,945,68,7,FALSE,23.6,45,0
390,FALSE,0,44,917,43,5,FALSE,24.2,71,0
391,TRUE,1,22,1073,67,4,FALSE,17.6,74,0
392,TRUE,1,30,967,56,4,FALSE,25.3,67,0
393,FALSE,0,24,1248,93,4,FALSE,27.8,29,0
394,FALSE,0,32,983,50,3,FALSE,26.8,27,0
395,FALSE,0,18,1429,84,2,FALSE,26.2,51,0
396,FALSE,0,39,988,65,5,FALSE,26.7,52,0
397,FALSE,0,60,741,57,3,FALSE,22.6,59,0
398,FALSE,0,40,812,51,3,FALSE,21.6,28,0
399,FALSE,0,59,788,47,1,FALSE,29.6,46,0
400,FALSE,0,23,1315,89,2,FALSE,24.6,55,0
401,TRUE,1,15,1199,82,4,FALSE,17.2,26,0
402,TRUE,1,27,992,78,3,FALSE,22.7,52,0
403,FALSE,0,66,709,44,4,FALSE,22.4,77,0
404,TRUE,1,44,684,33,4,FALSE,28.8,28,0
405,FALSE,0,30,1134,59,3,FALSE,24.8,69,0
406,TRUE,1,44,892,70,2,FALSE,31.6,65,0
407,FALSE,0,43,927,54,4,FALSE,24.1,65,0
408,TRUE,1,29,1007,34,1,FALSE,28.4,70,0
409,FALSE,0,44,908,49,3,FALSE,27.2,50,0
410,FALSE,0,44,944,52,3,FALSE,28.9,52,0
411,FALSE,0,25,1183,52,4,FALSE,27.5,35,0
412,FALSE,0,51,866,50,4,FALSE,26.8,57,0
413,FALSE,0,32,1041,65,6,FALSE,20.8,68,0
414,FALSE,0,40,1026,67,2,FALSE,30,52,0
415,TRUE,1,26,1058,51,5,FALSE,27,66,0
416,FALSE,0,41,982,71,3,FALSE,24.1,67,0
417,FALSE,0,33,889,46,3,FALSE,21.7,31,0
418,FALSE,0,67,730,40,4,FALSE,30.1,54,0
419,FALSE,0,53,793,52,1,FALSE,25.7,43,0
420,FALSE,0,44,814,43,3,FALSE,21.8,47,0
421,TRUE,1,58,502,21,3,FALSE,22.7,47,0
422,FALSE,0,34,862,60,5,FALSE,18.3,33,0
423,FALSE,0,56,841,71,2,FALSE,24.8,63,0
424,FALSE,0,41,783,43,1,FALSE,19.7,36,0
425,FALSE,0,44,848,51,5,FALSE,21,56,0
426,FALSE,0,27,923,35,2,FALSE,17.9,24,0
427,FALSE,0,28,1003,46,1,FALSE,19.7,44,0
428,FALSE,0,27,1139,62,3,FALSE,25.4,46,0
429,FALSE,0,36,1072,75,2,FALSE,32.1,40,0
430,FALSE,0,52,702,39,2,FALSE,19.6,47,0
431,FALSE,0,48,627,29,3,FALSE,20.4,64,1
432,TRUE,1,32,890,52,4,FALSE,25.1,58,0
433,FALSE,0,28,1065,52,3,FALSE,24.3,38,0
434,TRUE,1,22,876,49,5,FALSE,22.6,46,1
435,FALSE,0,29,1223,96,2,FALSE,29.1,48,0
436,FALSE,0,46,753,35,3,FALSE,20.1,44,0
437,FALSE,0,48,807,28,2,FALSE,25.6,48,0
438,FALSE,0,43,788,37,5,FALSE,20.2,45,0
439,TRUE,1,36,793,52,4,FALSE,30.1,80,1
440,TRUE,1,25,989,91,3,FALSE,17.3,54,0
441,TRUE,1,20,1060,40,4,FALSE,31.1,57,1
442,FALSE,0,48,863,52,5,FALSE,27.9,41,0
443,FALSE,0,35,1016,54,4,FALSE,27.6,53,0
444,FALSE,0,40,865,60,3,FALSE,18.9,54,0
445,TRUE,1,57,524,31,7,TRUE,20.6,55,0
446,FALSE,0,58,874,59,3,FALSE,31.8,52,0
447,TRUE,1,46,727,37,5,FALSE,22.7,78,0
448,FALSE,0,29,943,46,3,FALSE,21.1,21,0
449,FALSE,0,56,866,61,3,FALSE,28.9,57,0
450,TRUE,1,35,765,28,1,FALSE,23.3,57,0
451,FALSE,0,43,728,21,2,FALSE,19.4,39,0
452,FALSE,0,79,507,26,4,FALSE,26.1,50,0
453,FALSE,0,61,763,62,8,FALSE,28.8,36,0
454,FALSE,0,85,412,28,6,TRUE,27.8,39,0
455,FALSE,0,29,913,38,4,FALSE,20.9,18,0
456,FALSE,0,53,692,9,4,FALSE,18.9,68,0
457,TRUE,1,39,762,31,2,FALSE,28.4,42,0
458,FALSE,0,26,1214,75,3,FALSE,25.3,58,0
459,FALSE,0,29,981,46,3,FALSE,19.1,46,0
460,FALSE,0,41,878,47,1,FALSE,17.7,79,0
461,TRUE,1,25,964,44,2,FALSE,22.1,53,0
462,FALSE,0,65,716,40,5,FALSE,21.8,81,0
463,FALSE,0,25,1079,53,2,FALSE,17.4,52,0
464,FALSE,0,80,503,29,3,FALSE,22.6,70,0
465,FALSE,0,47,962,62,2,FALSE,31,51,0
466,FALSE,0,64,792,48,2,FALSE,31.3,54,0
467,FALSE,0,29,1010,55,3,FALSE,19.4,46,0
468,FALSE,0,63,677,50,2,FALSE,22.6,51,0
469,FALSE,0,53,821,53,3,FALSE,24,60,0
470,TRUE,1,29,979,71,3,FALSE,25,57,0
471,FALSE,0,25,1215,66,2,FALSE,31.3,26,0
472,FALSE,0,51,876,70,2,FALSE,23.4,67,0
473,FALSE,0,41,919,60,1,FALSE,26.4,39,0
474,TRUE,1,21,1046,69,6,FALSE,15.7,63,0
475,FALSE,0,53,687,11,2,FALSE,22.2,48,0
476,TRUE,1,18,908,24,6,FALSE,18,50,1
477,FALSE,0,42,955,48,3,FALSE,27.8,57,0
478,FALSE,0,36,936,52,3,FALSE,26.3,37,0
479,FALSE,0,70,707,56,4,FALSE,29.4,49,0
480,FALSE,0,24,1302,78,2,FALSE,30.8,39,0
481,FALSE,0,42,870,44,3,FALSE,22,59,0
482,FALSE,0,31,919,30,3,FALSE,18.4,54,0
483,FALSE,0,26,1036,60,3,FALSE,19.3,29,0
484,FALSE,0,19,1079,54,2,FALSE,18.4,45,1
485,FALSE,0,60,751,37,2,FALSE,29.7,41,0
486,FALSE,0,34,1006,54,1,FALSE,28.6,40,0
487,FALSE,0,61,670,28,4,FALSE,23.6,50,0
488,TRUE,1,16,1182,67,4,FALSE,22.4,23,0
489,FALSE,0,33,1035,60,4,FALSE,21,77,0
490,FALSE,0,25,980,41,2,FALSE,21.8,56,1
491,FALSE,0,29,931,28,3,FALSE,22.1,22,0
492,TRUE,1,25,929,32,4,FALSE,24.4,36,0
493,FALSE,0,49,786,35,5,FALSE,22.2,55,0
494,FALSE,0,23,993,45,2,FALSE,15.6,17,0
495,FALSE,0,58,811,42,3,FALSE,31.2,43,0
496,TRUE,1,53,696,32,2,FALSE,31.2,49,0
497,FALSE,0,46,1018,64,3,FALSE,30.7,68,0
498,TRUE,1,22,1182,90,1,FALSE,21.4,74,0
499,TRUE,1,51,526,14,3,FALSE,16.5,68,0
500,FALSE,0,40,954,61,3,FALSE,21.7,71,0
501,FALSE,0,38,1007,76,3,FALSE,28.4,42,0
502,FALSE,0,75,614,26,4,FALSE,27.6,66,0
503,FALSE,0,29,999,57,4,FALSE,17.3,50,0
504,FALSE,0,71,645,42,1,FALSE,22.4,76,0
505,FALSE,0,61,755,30,3,FALSE,28.5,54,0
506,FALSE,0,74,739,60,4,FALSE,32,59,0
507,TRUE,1,27,875,40,4,FALSE,19.2,55,0
508,FALSE,0,30,1190,80,4,FALSE,28.5,61,0
509,FALSE,0,43,890,43,1,FALSE,24.7,55,0
510,TRUE,1,21,1156,93,4,FALSE,23.9,43,0
511,FALSE,0,41,1041,79,2,FALSE,30.3,51,0
512,TRUE,1,36,1024,62,6,FALSE,31.1,92,0
513,TRUE,1,19,1085,77,5,FALSE,30.2,34,1
514,FALSE,0,32,1064,75,3,FALSE,23.9,57,0
515,FALSE,0,53,792,36,1,FALSE,25.1,56,0
516,FALSE,0,40,995,56,4,FALSE,27.1,64,0
517,FALSE,0,33,889,36,3,FALSE,25.9,16,0
518,FALSE,0,28,1112,73,1,FALSE,26.6,31,0
519,FALSE,0,53,880,73,3,FALSE,27.6,51,0
520,FALSE,0,66,667,28,2,FALSE,29.9,36,0
521,TRUE,1,27,880,42,4,FALSE,20.8,43,0
522,FALSE,0,65,678,39,2,FALSE,23.5,59,0
523,FALSE,0,31,972,48,2,FALSE,20.2,49,0
524,FALSE,0,61,658,24,5,TRUE,25.7,38,0
525,TRUE,1,27,903,53,3,FALSE,20.1,45,0
526,FALSE,0,23,1231,78,4,FALSE,16.6,74,0
527,TRUE,1,18,1233,91,1,FALSE,28.7,72,1
528,TRUE,1,31,711,38,1,FALSE,26.4,43,1
529,FALSE,0,30,1112,62,3,FALSE,22.7,72,0
530,FALSE,0,41,788,42,2,FALSE,15.9,58,0
531,FALSE,0,51,890,47,2,FALSE,27.7,62,0
532,FALSE,0,36,745,60,3,FALSE,22.8,36,1
533,TRUE,1,25,1006,71,2,FALSE,26.2,27,0
534,FALSE,0,44,880,46,4,FALSE,21.8,69,0
535,FALSE,0,30,972,41,1,FALSE,21.4,39,0
536,FALSE,0,56,883,72,7,FALSE,32.1,40,0
537,FALSE,0,55,819,43,3,FALSE,27.9,53,0
538,FALSE,0,31,851,27,3,FALSE,19.6,26,0
539,FALSE,0,27,1234,54,4,FALSE,29.6,58,0
540,TRUE,1,33,835,47,3,FALSE,32,69,1
541,FALSE,0,31,955,66,2,FALSE,29,48,1
542,FALSE,0,31,1048,79,3,FALSE,27.2,25,0
543,TRUE,1,14,1238,73,6,FALSE,26.8,41,1
544,FALSE,0,39,893,41,2,FALSE,25.6,41,0
545,FALSE,0,31,1059,88,4,FALSE,18.2,65,0
546,FALSE,0,71,404,12,3,FALSE,22.2,65,1
547,TRUE,1,26,1045,90,4,FALSE,22.9,54,0
548,TRUE,1,31,888,63,5,FALSE,24.2,44,0
549,FALSE,0,32,1037,58,6,FALSE,25.6,47,0
550,TRUE,1,28,860,54,5,FALSE,16.4,59,0
551,TRUE,1,24,984,54,2,FALSE,18.6,61,0
552,FALSE,0,35,1141,54,2,FALSE,31.8,75,0
553,FALSE,0,29,1066,67,4,FALSE,25.5,32,0
554,TRUE,1,27,695,10,2,FALSE,21.3,55,1
555,FALSE,0,53,772,56,4,FALSE,21.8,53,0
556,FALSE,0,53,691,35,6,TRUE,24.4,25,0
557,FALSE,0,67,652,50,3,FALSE,24.4,46,0
558,TRUE,1,26,1086,62,1,FALSE,31,42,0
559,FALSE,0,29,873,54,3,FALSE,24.4,33,1
560,FALSE,0,30,1036,54,4,FALSE,22,53,0
561,FALSE,0,33,827,43,2,FALSE,20.4,15,0
562,FALSE,0,34,1069,58,7,FALSE,27.2,65,0
563,FALSE,0,58,759,37,4,FALSE,22.6,71,0
564,FALSE,0,39,1015,51,5,FALSE,27.9,67,0
565,FALSE,0,27,1271,91,2,FALSE,27.8,63,0
566,FALSE,0,42,799,47,5,FALSE,17.3,53,0
567,TRUE,1,19,970,45,4,FALSE,21.8,52,1
568,FALSE,0,24,1178,88,3,FALSE,18.4,48,0
569,FALSE,0,29,968,50,2,FALSE,18.3,39,0
570,TRUE,1,40,744,40,1,FALSE,24.8,52,0
571,FALSE,0,66,643,23,3,FALSE,23.8,60,0
572,FALSE,0,32,1027,59,4,FALSE,27.8,31,0
573,FALSE,0,47,726,25,2,FALSE,20.2,46,0
574,FALSE,0,28,1070,64,3,FALSE,32.2,45,1
575,FALSE,0,35,970,58,2,FALSE,23.2,54,0
576,FALSE,0,24,1294,96,2,FALSE,27.7,37,0
577,FALSE,0,31,929,37,1,FALSE,16.3,63,0
578,FALSE,0,54,704,34,3,FALSE,22.3,42,0
579,TRUE,1,18,1119,53,3,FALSE,15.8,68,0
580,TRUE,1,37,547,18,4,FALSE,24.7,42,1
581,FALSE,0,69,517,9,4,FALSE,17.2,67,0
582,TRUE,1,21,941,38,1,FALSE,26.9,45,1
583,FALSE,0,32,1109,69,3,FALSE,27.6,59,0
584,FALSE,0,42,968,67,2,FALSE,26.8,53,0
585,FALSE,0,36,837,79,1,FALSE,24.4,48,1
586,FALSE,0,48,662,15,2,FALSE,23.9,71,1
587,FALSE,0,42,909,23,2,FALSE,28.8,52,0
588,FALSE,0,69,606,19,6,TRUE,24.7,56,0
589,FALSE,0,30,1210,83,6,FALSE,31.6,47,0
590,FALSE,0,66,622,34,3,FALSE,24.4,44,0
591,FALSE,0,84,490,23,6,TRUE,25.2,81,0
592,FALSE,0,59,719,61,5,FALSE,22.2,46,0
593,FALSE,0,27,1055,62,1,FALSE,17.8,52,0
594,TRUE,1,14,1241,70,3,FALSE,25.7,54,1
595,TRUE,1,20,1128,64,2,FALSE,22.5,52,0
596,TRUE,1,34,868,58,3,FALSE,23.6,70,0
597,FALSE,0,25,1076,56,3,FALSE,19.9,33,0
598,FALSE,0,51,668,39,4,FALSE,16.8,44,0
599,FALSE,0,30,1035,51,3,FALSE,25.6,33,0
600,FALSE,0,28,931,31,1,FALSE,17.1,40,0
601,FALSE,0,46,785,30,2,FALSE,20.8,57,0
602,FALSE,0,74,508,27,2,FALSE,19.7,62,0
603,FALSE,0,27,1352,82,2,FALSE,28.7,90,0
604,FALSE,0,42,1044,74,3,FALSE,30.9,57,0
605,FALSE,0,34,1089,77,3,FALSE,30.2,45,0
606,FALSE,0,46,764,41,2,FALSE,21.7,35,0
607,FALSE,0,34,928,53,4,FALSE,19.7,55,0
608,TRUE,1,28,887,12,2,FALSE,22.9,63,0
609,FALSE,0,43,918,50,3,FALSE,28.3,43,0
610,FALSE,0,37,781,60,2,FALSE,22.4,53,1
611,FALSE,0,37,926,46,2,FALSE,23.3,53,0
612,FALSE,0,59,607,15,4,FALSE,21,44,0
613,FALSE,0,46,935,49,2,FALSE,27.8,61,0
614,FALSE,0,27,911,33,1,FALSE,27.3,29,1
615,TRUE,1,37,821,24,5,FALSE,25.1,79,0
616,FALSE,0,32,1183,84,2,FALSE,31.3,50,0
617,FALSE,0,27,1189,74,2,FALSE,25.6,56,0
618,FALSE,0,64,723,52,3,FALSE,26.1,51,0
619,FALSE,0,42,959,70,4,FALSE,30.8,30,0
620,FALSE,0,67,636,24,3,FALSE,24.3,58,0
621,FALSE,0,40,850,33,5,FALSE,22.5,48,0
622,FALSE,0,25,1093,70,1,FALSE,20.1,35,0
623,FALSE,0,69,538,20,3,FALSE,19.9,55,0
624,FALSE,0,43,783,54,4,FALSE,22.6,21,0
625,FALSE,0,33,1012,56,2,FALSE,20.1,72,0
626,FALSE,0,35,878,47,5,FALSE,21.7,37,0
627,TRUE,1,24,1012,61,3,FALSE,21.4,48,0
628,FALSE,0,32,961,57,5,FALSE,26.4,76,1
629,TRUE,1,21,1005,58,2,FALSE,20.6,29,0
630,FALSE,0,54,684,7,3,FALSE,18.3,74,0
631,TRUE,1,21,1161,77,5,FALSE,22.4,61,0
632,FALSE,0,44,922,49,3,FALSE,25.8,60,0
633,FALSE,0,35,929,58,3,FALSE,28.1,18,0
634,FALSE,0,75,564,16,3,FALSE,28.6,46,0
635,FALSE,0,27,1089,65,5,FALSE,24.2,29,0
636,FALSE,0,28,1001,56,4,FALSE,19.5,39,0
637,TRUE,1,30,767,44,2,FALSE,26.9,56,1
638,FALSE,0,58,607,21,4,FALSE,20.6,37,0
639,FALSE,0,54,740,16,2,FALSE,22.7,65,0
640,TRUE,1,18,1256,54,2,FALSE,27.9,50,0
641,FALSE,0,49,684,6,3,FALSE,24.3,27,0
642,FALSE,0,54,823,59,2,FALSE,23.7,62,0
643,FALSE,0,56,804,44,3,FALSE,29.6,41,0
644,TRUE,1,18,1272,86,5,FALSE,27.8,35,0
645,FALSE,0,46,984,61,2,FALSE,28.8,66,0
646,FALSE,0,54,855,82,2,FALSE,24.8,54,0
647,FALSE,0,66,692,40,1,FALSE,25.7,57,0
648,FALSE,0,33,917,46,5,FALSE,18.8,54,0
649,FALSE,0,30,1024,50,3,FALSE,24.2,39,0
650,FALSE,0,62,822,52,4,FALSE,32,50,0
651,TRUE,1,15,1053,43,2,FALSE,19.1,47,1
652,TRUE,1,18,1154,61,4,FALSE,21.1,40,0
653,FALSE,0,23,1138,47,5,FALSE,24.2,25,0
654,TRUE,1,26,797,55,3,FALSE,20.6,56,1
655,TRUE,1,22,1105,61,2,FALSE,26.5,40,0
656,FALSE,0,55,884,59,3,FALSE,27.7,68,0
657,FALSE,0,22,1254,81,5,FALSE,19.2,64,0
658,TRUE,1,22,791,44,1,FALSE,17,45,1
659,FALSE,0,86,447,34,2,FALSE,27.7,54,0
660,TRUE,1,26,1155,73,5,FALSE,30.2,63,0
661,FALSE,0,34,920,42,3,FALSE,23.2,45,0
662,FALSE,0,54,923,36,6,FALSE,27.8,93,0
663,TRUE,1,31,854,50,4,FALSE,21.9,58,0
664,FALSE,0,62,722,31,1,FALSE,28.1,48,0
665,FALSE,0,27,1171,85,2,FALSE,22.8,50,0
666,FALSE,0,34,838,49,3,FALSE,27.2,49,1
667,FALSE,0,60,887,52,4,FALSE,32,68,0
668,TRUE,1,21,978,51,2,FALSE,23.4,67,1
669,FALSE,0,21,1342,85,3,FALSE,25.1,51,0
670,TRUE,1,28,988,74,4,FALSE,25.6,47,0
671,FALSE,0,59,649,17,1,FALSE,20.4,58,0
672,FALSE,0,55,776,51,5,FALSE,26.1,41,0
673,FALSE,0,19,1464,89,2,FALSE,29.5,50,0
674,FALSE,0,61,714,47,2,FALSE,25.3,47,0
675,TRUE,1,31,819,47,6,FALSE,24.9,29,0
676,FALSE,0,49,800,26,4,FALSE,27.3,41,0
677,FALSE,0,21,1310,86,3,FALSE,26.4,34,0
678,TRUE,1,20,928,59,5,FALSE,16.9,63,1
679,FALSE,0,32,881,53,2,FALSE,18.3,33,0
680,TRUE,1,67,501,10,6,TRUE,29.9,48,0
681,FALSE,0,26,1247,85,3,FALSE,30.2,36,0
682,FALSE,0,55,746,28,1,FALSE,25.3,51,0
683,FALSE,0,21,1093,46,3,FALSE,24.8,43,1
684,TRUE,1,19,1054,49,2,FALSE,21.2,83,1
685,FALSE,0,29,1144,74,4,FALSE,27,45,0
686,FALSE,0,34,962,55,2,FALSE,20.4,60,0
687,TRUE,1,28,838,25,5,FALSE,19.7,55,0
688,FALSE,0,33,1014,74,1,FALSE,21.1,59,0
689,TRUE,1,24,1101,69,3,FALSE,23.4,64,0
690,TRUE,1,24,1013,59,3,FALSE,24,42,0
691,TRUE,1,33,913,66,5,FALSE,31.3,33,0
692,FALSE,0,40,936,60,3,FALSE,23.3,59,0
693,TRUE,1,32,778,39,2,FALSE,23.5,36,0
694,FALSE,0,64,600,14,3,FALSE,19,69,0
695,FALSE,0,24,1084,62,1,FALSE,18.4,34,0
696,FALSE,0,46,699,29,1,FALSE,23.3,13,0
697,TRUE,1,14,1380,95,2,FALSE,24.7,34,0
698,FALSE,0,38,994,70,3,FALSE,28.3,42,0
699,FALSE,0,48,811,51,2,FALSE,17.4,77,0
700,FALSE,0,69,701,22,4,FALSE,30.1,61,0
701,FALSE,0,30,1304,100,1,FALSE,30.8,72,0
702,FALSE,0,65,631,23,3,FALSE,28.4,31,0
703,FALSE,0,51,859,63,4,FALSE,22.9,65,0
704,FALSE,0,34,985,66,3,FALSE,25.1,41,0
705,FALSE,0,50,737,50,2,FALSE,16,62,0
706,FALSE,0,25,1185,72,1,FALSE,28.1,22,0
707,FALSE,0,29,1189,77,3,FALSE,26.3,64,0
708,FALSE,0,41,907,37,3,FALSE,27.8,45,0
709,FALSE,0,43,783,22,1,FALSE,21.8,47,0
710,FALSE,0,34,1044,52,3,FALSE,25.7,69,0
711,FALSE,0,36,960,46,4,FALSE,25,55,0
712,FALSE,0,34,919,58,6,FALSE,20,51,0
713,TRUE,1,53,636,40,6,TRUE,23.6,61,0
714,FALSE,0,30,923,38,1,FALSE,19.6,37,0
715,FALSE,0,66,580,28,2,FALSE,24.7,30,0
716,FALSE,0,48,892,33,2,FALSE,27.3,65,0
717,TRUE,1,24,1001,54,3,FALSE,17.2,70,0
718,FALSE,0,40,976,67,2,FALSE,25.7,57,0
719,FALSE,0,35,975,44,6,FALSE,26.6,49,0
720,FALSE,0,59,646,9,1,FALSE,18.9,70,0
721,FALSE,0,40,874,42,4,FALSE,22.4,52,0
722,TRUE,1,17,906,27,1,FALSE,15.7,55,1
723,FALSE,0,29,999,47,6,FALSE,18.9,51,0
724,FALSE,0,46,828,59,1,FALSE,19.6,60,0
725,FALSE,0,27,1102,63,3,FALSE,25.2,33,0
726,FALSE,0,40,783,44,7,FALSE,28.7,43,1
727,FALSE,0,30,953,64,3,FALSE,16.2,47,0
728,FALSE,0,46,781,42,2,FALSE,25.1,26,0
729,FALSE,0,44,884,50,2,FALSE,23.2,61,0
730,TRUE,1,26,977,40,7,FALSE,23.8,53,0
731,FALSE,0,42,710,27,5,FALSE,16.8,39,0
732,FALSE,0,28,1168,78,1,FALSE,24.9,55,0
733,FALSE,0,48,857,25,1,FALSE,28.4,52,0
734,FALSE,0,45,812,48,3,FALSE,23.1,39,0
735,FALSE,0,44,871,61,3,FALSE,22.8,50,0
736,FALSE,0,30,1023,58,4,FALSE,22.7,39,0
737,TRUE,1,21,1047,71,3,FALSE,16,57,0
738,FALSE,0,23,1173,71,4,FALSE,22.1,29,0
739,TRUE,1,49,597,30,7,TRUE,21.7,52,0
740,FALSE,0,55,735,26,5,FALSE,22.3,62,0
741,FALSE,0,41,889,55,2,FALSE,22.6,52,0
742,TRUE,1,31,844,67,1,FALSE,22.9,38,0
743,FALSE,0,58,699,64,1,FALSE,22.7,34,0
744,TRUE,1,25,827,47,2,FALSE,17.1,26,0
745,FALSE,0,61,682,48,3,FALSE,20.5,56,0
746,TRUE,1,16,1284,74,1,FALSE,21.9,52,0
747,TRUE,1,24,949,53,3,FALSE,18.4,50,0
748,FALSE,0,54,688,32,3,FALSE,18.3,59,0
749,TRUE,1,23,878,44,2,FALSE,28.1,30,1
750,FALSE,0,31,1066,61,3,FALSE,24.4,57,0
751,TRUE,1,31,833,55,3,FALSE,24.5,30,0
752,FALSE,0,30,1080,58,4,FALSE,26,45,0
753,FALSE,0,24,1233,64,2,FALSE,30.8,19,0
754,FALSE,0,47,728,30,4,FALSE,23.1,26,0
755,FALSE,0,30,1169,84,2,FALSE,30.2,39,0
756,TRUE,1,13,1372,71,5,FALSE,22.3,54,0
757,FALSE,0,17,1401,72,4,FALSE,23.1,53,0
758,FALSE,0,67,683,27,5,TRUE,26.7,63,0
759,TRUE,1,33,833,56,2,FALSE,22.1,56,0
760,FALSE,0,51,891,51,3,FALSE,28.7,56,0
761,FALSE,0,30,1139,75,1,FALSE,29.7,36,0
762,FALSE,0,32,1014,50,3,FALSE,27.4,33,0
763,FALSE,0,37,999,80,1,FALSE,26.9,41,0
764,FALSE,0,57,673,29,3,FALSE,26.4,24,0
765,FALSE,0,30,934,42,2,FALSE,17.7,48,0
766,TRUE,1,33,595,29,3,FALSE,21.8,46,1
767,TRUE,1,28,856,54,5,FALSE,19.2,42,0
768,FALSE,0,30,1105,82,3,FALSE,23.7,52,0
769,FALSE,0,63,654,41,4,FALSE,26.7,29,0
770,FALSE,0,52,744,47,2,FALSE,26.3,22,0
771,TRUE,1,17,1122,56,5,FALSE,26.9,58,1
772,FALSE,0,43,807,55,4,FALSE,20.9,35,0
773,TRUE,1,28,786,47,4,FALSE,17.1,37,0
774,FALSE,0,38,885,38,1,FALSE,24.5,43,0
775,TRUE,1,14,1341,84,3,FALSE,22,38,0
776,TRUE,1,22,1065,73,3,FALSE,16.5,67,0
777,FALSE,0,39,968,61,1,FALSE,23.5,64,0
778,TRUE,1,30,799,33,2,FALSE,31.5,50,1
779,FALSE,0,34,1037,60,3,FALSE,27.7,46,0
780,TRUE,1,39,652,15,2,FALSE,23.3,41,0
781,FALSE,0,54,765,55,5,FALSE,19.5,64,0
782,FALSE,0,60,557,7,1,FALSE,17.2,53,0
783,FALSE,0,41,1007,79,1,FALSE,27.6,53,0
784,TRUE,1,27,930,41,2,FALSE,28.2,28,0
785,FALSE,0,45,889,75,2,FALSE,20.7,62,0
786,FALSE,0,53,748,45,4,FALSE,23.7,41,0
787,FALSE,0,34,899,35,5,FALSE,19.8,54,0
788,FALSE,0,51,794,65,1,FALSE,21.1,50,0
789,TRUE,1,32,929,67,4,FALSE,24.1,68,0
790,FALSE,0,47,776,44,2,FALSE,16.1,69,0
791,FALSE,0,53,817,50,4,FALSE,22.8,68,0
792,FALSE,0,48,903,49,2,FALSE,29.4,48,0
793,FALSE,0,34,997,48,3,FALSE,26.7,48,0
794,TRUE,1,24,1149,71,3,FALSE,29.9,51,0
795,FALSE,0,72,702,34,4,FALSE,32.1,56,0
796,FALSE,0,67,563,32,2,FALSE,20.2,49,0
797,FALSE,0,27,1124,60,3,FALSE,27.7,30,0
798,FALSE,0,74,595,27,4,FALSE,31.1,37,0
799,FALSE,0,43,794,53,2,FALSE,20.7,34,0
800,FALSE,0,61,634,45,5,TRUE,20.9,40,0
801,FALSE,0,29,1015,61,1,FALSE,27,68,1
802,FALSE,0,50,744,28,5,FALSE,22.3,48,0
803,FALSE,0,33,1056,56,3,FALSE,26.8,59,0
804,FALSE,0,28,1110,79,2,FALSE,22.5,48,0
805,TRUE,1,40,683,51,2,FALSE,28.6,63,1
806,FALSE,0,30,969,49,3,FALSE,23.6,23,0
807,FALSE,0,59,634,28,2,FALSE,21.2,43,0
808,FALSE,0,24,1134,66,3,FALSE,19.2,48,0
809,FALSE,0,47,825,52,3,FALSE,21.8,55,0
810,FALSE,0,40,915,57,3,FALSE,24.6,46,0
811,FALSE,0,65,589,28,3,FALSE,21.7,46,0
812,FALSE,0,55,823,27,2,FALSE,27.6,66,0
813,FALSE,0,66,734,38,5,FALSE,28.9,58,0
814,FALSE,0,38,1008,71,3,FALSE,28.6,45,0
815,TRUE,1,14,1228,75,1,FALSE,26.3,49,1
816,FALSE,0,80,500,19,2,FALSE,26,59,0
817,FALSE,0,59,628,35,2,FALSE,23.2,26,0
818,FALSE,0,63,637,32,4,FALSE,19.7,62,0
819,TRUE,1,33,666,33,3,FALSE,22.8,69,1
820,FALSE,0,25,1220,53,3,FALSE,28.9,41,0
821,TRUE,1,34,694,32,1,FALSE,18.3,50,0
822,FALSE,0,33,769,25,2,FALSE,16.3,27,0
823,TRUE,1,21,1166,72,2,FALSE,26.2,48,0
824,FALSE,0,49,900,57,2,FALSE,28.1,53,0
825,FALSE,0,34,1074,67,2,FALSE,31.9,39,0
826,TRUE,1,30,648,37,4,FALSE,20.4,48,1
827,FALSE,0,46,785,35,1,FALSE,24.3,36,0
828,FALSE,0,41,1001,50,2,FALSE,31.7,48,0
829,TRUE,1,36,664,31,2,FALSE,19.1,46,0
830,FALSE,0,46,780,61,3,FALSE,16.6,57,0
831,FALSE,0,59,780,30,2,FALSE,28.2,60,0
832,FALSE,0,58,815,42,4,FALSE,25.7,73,0
833,FALSE,0,35,1062,64,5,FALSE,27.5,62,0
834,TRUE,1,26,834,35,5,FALSE,16.1,44,0
835,FALSE,0,58,666,32,2,FALSE,21.8,47,0
836,FALSE,0,33,1015,48,3,FALSE,21.1,74,0
837,FALSE,0,34,905,50,4,FALSE,22.3,32,0
838,TRUE,1,17,1398,80,2,FALSE,32.2,48,0
839,FALSE,0,32,1044,40,3,FALSE,20.4,84,0
840,FALSE,0,27,1157,70,3,FALSE,26.1,44,0
841,TRUE,1,29,764,42,1,FALSE,30,32,1
842,TRUE,1,17,1168,77,3,FALSE,27.3,54,1
843,FALSE,0,50,712,23,3,FALSE,24,31,0
844,FALSE,0,68,440,33,2,FALSE,26.9,29,1
845,FALSE,0,35,990,61,3,FALSE,25.9,46,0
846,TRUE,1,40,524,13,5,TRUE,16.4,32,0
847,TRUE,1,32,883,64,3,FALSE,26.1,43,0
848,FALSE,0,28,1223,82,5,FALSE,25.9,68,0
849,FALSE,0,56,860,58,4,FALSE,24.7,78,0
850,FALSE,0,31,1003,65,4,FALSE,21.9,39,0
851,FALSE,0,28,1076,69,3,FALSE,21.4,43,0
852,TRUE,1,19,1090,62,6,FALSE,29.2,53,1
853,TRUE,1,19,1052,50,5,FALSE,31.8,34,1
854,TRUE,1,66,456,7,2,FALSE,26.4,49,0
855,FALSE,0,53,734,21,3,FALSE,26.9,34,0
856,TRUE,1,33,818,46,3,FALSE,26.1,38,0
857,FALSE,0,60,672,29,1,FALSE,23.8,48,0
858,FALSE,0,68,729,58,1,FALSE,29,48,0
859,FALSE,0,77,602,31,4,FALSE,28.6,61,0
860,FALSE,0,31,1015,65,6,FALSE,22.5,44,0
861,FALSE,0,40,834,51,1,FALSE,17.6,58,0
862,TRUE,1,43,620,23,2,FALSE,25.3,25,0
863,FALSE,0,33,1170,90,1,FALSE,31,53,0
864,FALSE,0,67,662,38,3,FALSE,23.4,62,0
865,FALSE,0,29,1141,59,2,FALSE,27.7,49,0
866,FALSE,0,28,1095,78,5,FALSE,20.3,47,0
867,FALSE,0,34,964,45,2,FALSE,25.7,44,0
868,FALSE,0,62,779,46,6,FALSE,29.2,52,0
869,FALSE,0,57,823,62,2,FALSE,25.1,61,0
870,TRUE,1,28,899,41,3,FALSE,19.8,63,0
871,FALSE,0,39,922,53,5,FALSE,23.8,53,0
872,FALSE,0,45,843,35,5,FALSE,26.6,42,0
873,FALSE,0,34,1092,69,6,FALSE,25.9,74,0
874,TRUE,1,30,951,67,2,FALSE,23.9,64,0
875,FALSE,0,35,990,57,4,FALSE,28.4,36,0
876,TRUE,1,26,1056,64,2,FALSE,26.6,52,0
877,FALSE,0,33,956,41,1,FALSE,28.3,26,0
878,FALSE,0,70,515,17,1,FALSE,25,26,0
879,FALSE,0,70,536,15,3,FALSE,24.9,38,0
880,FALSE,0,33,1065,72,3,FALSE,26.9,50,0
881,FALSE,0,61,544,35,4,FALSE,15.8,41,0
882,FALSE,0,81,476,9,2,FALSE,25.3,67,0
883,FALSE,0,39,955,54,3,FALSE,20.4,79,0
884,FALSE,0,46,767,24,3,FALSE,19.1,63,0
885,FALSE,0,51,944,57,3,FALSE,29.3,68,0
886,FALSE,0,60,773,49,5,FALSE,25.4,62,0
887,FALSE,0,45,930,34,2,FALSE,28.1,65,0
888,FALSE,0,47,895,56,1,FALSE,20.5,85,0
889,TRUE,1,21,1191,80,1,FALSE,28.3,39,0
890,TRUE,1,26,794,39,1,FALSE,27.2,32,1
891,FALSE,0,61,789,36,5,FALSE,23.6,87,0
892,FALSE,0,22,1312,73,4,FALSE,28.2,41,0
893,FALSE,0,51,819,32,3,FALSE,31.4,31,0
894,TRUE,1,31,677,46,2,FALSE,25.1,34,1
895,FALSE,0,79,539,49,2,FALSE,23.5,60,0
896,FALSE,0,39,972,56,2,FALSE,29.1,42,0
897,FALSE,0,40,758,31,3,FALSE,17,44,0
898,TRUE,1,43,614,17,3,FALSE,22.1,45,0
899,TRUE,1,26,955,46,6,FALSE,20.7,63,0
900,FALSE,0,35,1097,92,5,FALSE,29.2,49,0
901,FALSE,0,34,1042,72,3,FALSE,24.1,62,0
902,FALSE,0,38,885,50,3,FALSE,21.1,51,0
903,FALSE,0,26,1101,58,5,FALSE,17.2,66,0
904,TRUE,1,59,685,53,3,FALSE,29.6,61,0
905,FALSE,0,29,1047,57,5,FALSE,19.5,57,0
906,FALSE,0,39,932,38,1,FALSE,24.9,60,0
907,FALSE,0,45,840,33,2,FALSE,30.3,23,0
908,TRUE,1,23,1059,64,2,FALSE,22.7,48,0
909,FALSE,0,33,1043,79,4,FALSE,25.7,44,0
910,FALSE,0,62,622,38,2,FALSE,24.1,27,0
911,FALSE,0,38,924,75,2,FALSE,20.8,52,0
912,FALSE,0,34,1076,50,3,FALSE,30.3,58,0
913,FALSE,0,66,592,31,1,FALSE,19.9,58,0
914,TRUE,1,31,869,38,2,FALSE,27.5,40,0
915,FALSE,0,36,791,24,1,FALSE,15.9,55,0
916,FALSE,0,40,901,57,1,FALSE,21.8,55,0
917,TRUE,1,48,723,64,3,FALSE,20.4,76,0
918,TRUE,1,26,952,42,6,FALSE,26.5,33,0
919,TRUE,1,16,1322,99,6,FALSE,32.2,59,1
920,TRUE,1,17,1051,54,4,FALSE,24,45,1
921,FALSE,0,58,723,29,3,FALSE,25,53,0
922,TRUE,1,27,947,59,3,FALSE,24.9,33,0
923,FALSE,0,41,840,36,2,FALSE,24.5,37,0
924,FALSE,0,45,700,23,2,FALSE,20.9,27,0
925,TRUE,1,24,995,66,3,FALSE,20.1,48,0
926,TRUE,1,20,1031,60,2,FALSE,27.2,52,1
927,TRUE,1,25,1028,71,4,FALSE,24.3,46,0
928,TRUE,1,47,666,38,3,FALSE,26.7,37,0
929,FALSE,0,32,1046,65,1,FALSE,23.4,58,0
930,FALSE,0,34,997,41,2,FALSE,24.4,63,0
931,FALSE,0,30,982,40,2,FALSE,20.9,46,0
932,FALSE,0,32,1051,58,7,FALSE,22.3,70,0
933,FALSE,0,26,1136,76,1,FALSE,23.6,31,0
934,TRUE,1,41,818,72,3,FALSE,25.1,60,0
935,FALSE,0,30,1035,66,1,FALSE,18.4,61,0
936,FALSE,0,31,878,26,3,FALSE,18.5,37,0
937,FALSE,0,69,587,37,2,FALSE,21.1,58,0
938,FALSE,0,60,847,55,3,FALSE,30.1,59,0
939,FALSE,0,41,957,59,2,FALSE,24.2,66,0
940,FALSE,0,48,822,44,3,FALSE,23.2,55,0
941,FALSE,0,34,1004,69,5,FALSE,27.4,37,0
942,FALSE,0,32,1010,70,3,FALSE,22.5,42,0
943,TRUE,1,23,1005,53,4,FALSE,21.7,42,0
944,TRUE,1,17,1049,43,4,FALSE,20.3,64,1
945,FALSE,0,46,802,38,3,FALSE,24.2,41,0
946,FALSE,0,22,1098,58,3,FALSE,27,33,1
947,TRUE,1,18,1169,55,2,FALSE,21.4,57,0
948,FALSE,0,41,923,32,1,FALSE,26.1,62,0
949,FALSE,0,47,842,33,3,FALSE,20.3,80,0
950,FALSE,0,40,889,67,2,FALSE,18.5,61,0
951,FALSE,0,68,495,31,4,FALSE,16.3,49,0
952,FALSE,0,78,643,47,6,TRUE,31.9,52,0
953,TRUE,1,17,1076,74,2,FALSE,24.4,36,1
954,FALSE,0,72,685,36,4,FALSE,25.3,81,0
955,FALSE,0,44,918,46,4,FALSE,30.8,38,0
956,TRUE,1,23,965,53,1,FALSE,17.3,51,0
957,TRUE,1,33,568,26,5,TRUE,18.6,61,1
958,FALSE,0,26,1087,65,3,FALSE,23.2,27,0
959,TRUE,1,19,1112,65,1,FALSE,16.3,63,0
960,FALSE,0,51,896,50,3,FALSE,29.9,54,0
961,FALSE,0,56,748,51,2,FALSE,23.4,47,0
962,FALSE,0,42,810,42,3,FALSE,18.4,56,0
963,FALSE,0,28,1198,76,5,FALSE,29.9,43,0
964,TRUE,1,25,864,46,4,FALSE,21.1,17,0
965,FALSE,0,34,900,64,1,FALSE,26.4,59,1
966,TRUE,1,19,1215,65,1,FALSE,27.9,43,0
967,FALSE,0,38,978,48,3,FALSE,23.9,71,0
968,FALSE,0,68,637,40,2,FALSE,27.3,37,0
969,TRUE,1,28,894,46,3,FALSE,19.9,59,0
970,FALSE,0,55,701,33,2,FALSE,19.7,58,0
971,FALSE,0,39,923,59,9,FALSE,23.8,49,0
972,FALSE,0,27,997,66,4,FALSE,16.9,33,0
973,FALSE,0,86,445,28,1,FALSE,29.4,52,0
974,FALSE,0,46,634,29,4,FALSE,26.4,30,1
975,FALSE,0,34,938,56,2,FALSE,22.9,39,0
976,TRUE,1,18,1064,25,4,FALSE,19.9,39,0
977,FALSE,0,50,926,66,4,FALSE,26.2,67,0
978,FALSE,0,36,888,38,2,FALSE,26.1,26,0
979,FALSE,0,34,956,62,6,FALSE,23.9,37,0
980,FALSE,0,27,1034,45,3,FALSE,22.4,30,0
981,FALSE,0,38,667,35,4,FALSE,18.2,55,1
982,FALSE,0,58,769,54,5,FALSE,24,57,0
983,FALSE,0,61,803,41,1,FALSE,26.9,75,0
984,FALSE,0,39,827,45,3,FALSE,20.9,39,0
985,FALSE,0,65,804,43,7,FALSE,29.2,73,0
986,TRUE,1,17,1071,59,2,FALSE,23,57,1
987,TRUE,1,27,989,57,1,FALSE,24.6,53,0
988,FALSE,0,56,857,46,7,FALSE,29.6,61,0
989,FALSE,0,35,971,59,1,FALSE,27,35,0
990,TRUE,1,25,992,84,2,FALSE,19.1,46,0
991,FALSE,0,29,1025,79,3,FALSE,18.2,40,0
992,FALSE,0,67,871,60,3,FALSE,31.9,80,0
993,FALSE,0,41,832,35,7,FALSE,23.7,38,0
994,FALSE,0,66,516,21,1,FALSE,17.1,51,0
995,FALSE,0,54,826,41,4,FALSE,27.4,57,0
996,FALSE,0,28,1078,67,1,FALSE,27.6,17,0
997,FALSE,0,43,915,44,4,FALSE,26,59,0
998,FALSE,0,55,627,23,2,FALSE,22.7,22,0
999,TRUE,1,29,975,42,6,FALSE,27.8,55,0
1000,FALSE,0,68,573,11,2,FALSE,28.8,24,0
1001,FALSE,0,38,649,15,4,FALSE,22.3,40,1
1002,FALSE,0,33,993,73,3,FALSE,20.6,51,0
1003,FALSE,0,69,585,22,1,FALSE,26.1,39,0
1004,FALSE,0,19,1301,67,2,FALSE,23.3,32,0
1005,FALSE,0,59,782,38,4,FALSE,23.5,77,0
1006,FALSE,0,52,769,42,2,FALSE,22.7,53,0
1007,FALSE,0,34,1059,59,3,FALSE,23.2,78,0
1008,TRUE,1,13,1222,100,1,FALSE,19.9,40,1
1009,FALSE,0,47,840,43,6,FALSE,26.5,42,0
1010,FALSE,0,56,731,45,7,FALSE,17.2,77,0
1011,FALSE,0,45,873,46,2,FALSE,25.3,50,0
1012,FALSE,0,73,609,30,5,TRUE,27.8,49,0
1013,FALSE,0,42,863,40,1,FALSE,31.4,67,1
1014,FALSE,0,25,1113,61,4,FALSE,21,40,0
1015,TRUE,1,28,956,53,4,FALSE,28.5,30,0
1016,FALSE,0,63,682,46,2,FALSE,22.5,55,0
1017,FALSE,0,50,791,49,3,FALSE,23.7,43,0
1018,FALSE,0,39,839,43,3,FALSE,19.8,47,0
1019,FALSE,0,26,1052,50,3,FALSE,16.3,57,0
1020,TRUE,1,10,1402,70,4,FALSE,19.4,27,0
1021,FALSE,0,47,652,14,2,FALSE,19.6,27,0
1022,FALSE,0,31,1045,42,3,FALSE,23.4,66,0
1023,FALSE,0,34,760,40,2,FALSE,21.8,50,1
1024,FALSE,0,23,1083,44,6,FALSE,23.4,64,1
1025,FALSE,0,31,969,42,3,FALSE,21.1,47,0
1026,FALSE,0,27,1142,82,2,FALSE,19.8,57,0
1027,FALSE,0,54,882,58,4,FALSE,29.1,56,0
1028,TRUE,1,32,764,37,4,FALSE,22,38,0
1029,FALSE,0,26,1287,80,2,FALSE,27.7,67,0
1030,TRUE,1,20,1121,75,2,FALSE,28.7,62,1
1031,FALSE,0,55,883,56,2,FALSE,31.1,52,0
1032,FALSE,0,29,1110,66,4,FALSE,24.3,49,0
1033,FALSE,0,70,702,20,1,FALSE,27.3,83,0
1034,FALSE,0,26,1034,72,5,FALSE,18.3,26,0
1035,FALSE,0,34,969,62,4,FALSE,24.8,35,0
1036,FALSE,0,37,931,38,2,FALSE,20.9,74,0
1037,FALSE,0,34,936,60,3,FALSE,21.4,47,0
1038,FALSE,0,25,1163,66,3,FALSE,26.7,25,0
1039,TRUE,1,33,890,43,5,FALSE,30.2,44,0
1040,FALSE,0,42,913,52,2,FALSE,23.7,59,0
1041,TRUE,1,25,1119,68,5,FALSE,27.4,66,0
1042,FALSE,0,53,594,34,2,FALSE,22.1,57,1
1043,FALSE,0,30,951,46,3,FALSE,18.8,41,0
1044,FALSE,0,39,772,51,4,FALSE,18,27,0
1045,FALSE,0,37,1075,56,5,FALSE,29.2,73,0
1046,FALSE,0,48,882,60,3,FALSE,26.4,49,0
1047,FALSE,0,34,859,19,3,FALSE,21.4,41,0
1048,FALSE,0,36,865,52,1,FALSE,19.6,42,0
1049,FALSE,0,57,806,40,2,FALSE,26.7,63,0
1050,TRUE,1,23,986,61,4,FALSE,21.9,29,0
1051,FALSE,0,79,395,9,2,FALSE,21.9,45,0
1052,FALSE,0,60,847,50,5,FALSE,29.5,68,0
1053,TRUE,1,18,1031,53,2,FALSE,22.6,58,1
1054,FALSE,0,31,1058,53,2,FALSE,23.8,56,0
1055,TRUE,1,32,842,51,3,FALSE,22.7,52,0
1056,TRUE,1,29,931,74,2,FALSE,25.1,39,0
1057,FALSE,0,50,546,22,3,FALSE,20.1,48,1
1058,FALSE,0,26,1093,55,6,FALSE,21.8,37,0
1059,TRUE,1,18,1059,64,3,FALSE,22.4,61,1
1060,FALSE,0,48,827,34,4,FALSE,24.4,55,0
1061,FALSE,0,47,863,53,3,FALSE,26.4,43,0
1062,FALSE,0,41,979,71,3,FALSE,23.9,66,0
1063,FALSE,0,34,923,43,4,FALSE,17.2,71,0
1064,TRUE,1,17,976,28,2,FALSE,19.1,64,1
1065,TRUE,1,20,1284,89,2,FALSE,27.9,64,0
1066,FALSE,0,46,714,10,4,FALSE,20.7,42,0
1067,FALSE,0,29,1218,63,6,FALSE,29.4,65,0
1068,FALSE,0,34,935,41,1,FALSE,27,32,0
1069,FALSE,0,67,715,42,3,FALSE,26.3,64,0
1070,FALSE,0,25,1053,56,2,FALSE,23.2,70,1
1071,FALSE,0,32,1107,72,1,FALSE,27.7,55,0
1072,FALSE,0,51,867,50,1,FALSE,28.7,48,0
1073,TRUE,1,31,801,71,2,FALSE,18.3,42,0
1074,FALSE,0,30,1096,77,2,FALSE,27.7,31,0
1075,TRUE,1,26,860,38,4,FALSE,17.7,46,0
1076,FALSE,0,55,751,35,2,FALSE,25.5,47,0
1077,FALSE,0,74,547,11,2,FALSE,23.2,67,0
1078,FALSE,0,50,657,46,2,FALSE,16.8,34,0
1079,FALSE,0,46,861,41,3,FALSE,26.4,48,0
1080,TRUE,1,30,913,74,2,FALSE,23.3,43,0
1081,TRUE,1,13,1484,81,3,FALSE,30.1,45,0
1082,FALSE,0,51,821,48,7,FALSE,23.4,59,0
1083,FALSE,0,61,723,44,5,FALSE,25.6,50,0
1084,FALSE,0,47,809,21,2,FALSE,25.3,51,0
1085,TRUE,1,25,911,45,2,FALSE,27.7,56,1
1086,FALSE,0,45,797,64,2,FALSE,22.4,27,0
1087,FALSE,0,43,808,27,3,FALSE,22.5,48,0
1088,FALSE,0,29,1119,85,1,FALSE,22.7,51,0
1089,FALSE,0,61,644,12,2,FALSE,24.9,45,0
1090,TRUE,1,23,1197,85,3,FALSE,27.3,61,0
1091,FALSE,0,59,651,22,1,FALSE,26,29,0
1092,FALSE,0,29,856,47,1,FALSE,16.5,9,0
1093,TRUE,1,36,622,29,1,FALSE,18.7,32,0
1094,FALSE,0,56,769,52,2,FALSE,23.4,56,0
1095,FALSE,0,59,802,39,3,FALSE,25.4,75,0
1096,FALSE,0,46,961,63,1,FALSE,25.7,72,0
1097,FALSE,0,23,1141,71,4,FALSE,21.2,29,0
1098,FALSE,0,42,909,74,5,FALSE,25.1,37,0
1099,TRUE,1,63,633,35,4,FALSE,29.7,65,0
1100,FALSE,0,26,947,65,2,FALSE,20.4,49,1
1101,FALSE,0,35,970,43,1,FALSE,25.1,56,0
1102,FALSE,0,30,1077,59,3,FALSE,22.9,60,0
1103,FALSE,0,32,1123,60,1,FALSE,28.5,65,0
1104,FALSE,0,33,1019,68,1,FALSE,20,73,0
1105,FALSE,0,51,807,30,1,FALSE,26.8,51,0
1106,TRUE,1,33,888,61,2,FALSE,27.6,50,0
1107,FALSE,0,30,1031,57,2,FALSE,27.7,21,0
1108,FALSE,0,41,957,39,3,FALSE,28,61,0
1109,FALSE,0,35,839,29,3,FALSE,19.5,48,0
1110,FALSE,0,29,1134,65,3,FALSE,31.2,29,0
1111,FALSE,0,62,766,41,4,FALSE,29,51,0
1112,FALSE,0,49,717,11,2,FALSE,20,56,0
1113,TRUE,1,39,737,43,2,FALSE,27.8,30,0
1114,FALSE,0,31,979,52,7,FALSE,21.1,42,0
1115,FALSE,0,30,1009,66,1,FALSE,18.7,52,0
1116,TRUE,1,21,995,60,5,FALSE,19.3,33,0
1117,FALSE,0,56,734,40,4,FALSE,23.4,50,0
1118,FALSE,0,42,763,32,2,FALSE,17.4,50,0
1119,FALSE,0,52,807,36,4,FALSE,21.9,72,0
1120,FALSE,0,62,745,24,2,FALSE,26.9,68,0
1121,FALSE,0,31,1060,54,2,FALSE,27.9,39,0
1122,TRUE,1,18,1122,64,4,FALSE,24.1,74,1
1123,FALSE,0,50,812,36,2,FALSE,23.9,59,0
1124,FALSE,0,58,513,22,4,FALSE,16.4,24,0
1125,FALSE,0,27,1227,86,2,FALSE,29.8,35,0
1126,FALSE,0,37,1016,76,3,FALSE,29.4,38,0
1127,TRUE,1,26,1033,48,3,FALSE,28.5,47,0
1128,FALSE,0,33,892,54,1,FALSE,18.1,42,0
1129,FALSE,0,27,1022,30,4,FALSE,23.3,32,0
1130,FALSE,0,27,1098,83,2,FALSE,22.2,31,0
1131,FALSE,0,36,950,44,5,FALSE,21.3,68,0
1132,FALSE,0,32,945,61,4,FALSE,17.8,52,0
1133,TRUE,1,27,1027,72,2,FALSE,25.8,52,0
1134,FALSE,0,48,688,22,2,FALSE,17.5,49,0
1135,FALSE,0,59,766,63,3,FALSE,22.5,60,0
1136,FALSE,0,38,1040,59,2,FALSE,29.9,57,0
1137,FALSE,0,71,620,27,5,TRUE,26.2,55,0
1138,TRUE,1,38,966,64,2,FALSE,29.6,85,0
1139,FALSE,0,48,658,18,2,FALSE,17,43,0
1140,FALSE,0,48,769,32,5,FALSE,19.5,62,0
1141,FALSE,0,59,723,49,3,FALSE,31,68,1
1142,FALSE,0,30,1024,53,3,FALSE,21.3,53,0
1143,FALSE,0,41,800,36,1,FALSE,23.1,31,0
1144,FALSE,0,17,1179,73,4,FALSE,19.8,43,1
1145,TRUE,1,27,1081,94,3,FALSE,25.4,57,0
1146,FALSE,0,32,851,36,3,FALSE,15.7,42,0
1147,FALSE,0,35,1094,60,2,FALSE,32.1,52,0
1148,FALSE,0,74,599,28,2,FALSE,29.9,42,0
1149,FALSE,0,35,885,48,2,FALSE,18.3,57,0
1150,TRUE,1,33,993,60,3,FALSE,30.5,69,0
1151,FALSE,0,42,953,46,2,FALSE,31.2,39,0
1152,FALSE,0,43,763,41,1,FALSE,20.3,33,0
1153,FALSE,0,37,965,73,3,FALSE,25.2,40,0
1154,FALSE,0,44,907,55,1,FALSE,26.4,48,0
1155,FALSE,0,43,895,50,1,FALSE,27.6,39,0
1156,FALSE,0,21,1258,84,2,FALSE,22.2,31,0
1157,TRUE,1,23,1102,59,2,FALSE,21.6,75,0
1158,FALSE,0,30,1029,50,1,FALSE,23.9,42,0
1159,TRUE,1,18,1150,64,2,FALSE,17.7,63,0
1160,FALSE,0,32,1019,49,1,FALSE,27.1,36,0
1161,FALSE,0,30,1134,75,2,FALSE,28.3,43,0
1162,TRUE,1,15,1244,97,5,FALSE,25.1,55,1
1163,TRUE,1,35,851,52,4,FALSE,28.7,47,0
1164,FALSE,0,41,878,45,1,FALSE,21.2,61,0
1165,FALSE,0,62,709,41,3,FALSE,24.4,57,0
1166,TRUE,1,15,1303,79,4,FALSE,21.8,51,0
1167,FALSE,0,48,699,25,3,FALSE,18.8,46,0
1168,TRUE,1,15,1087,86,3,FALSE,20.9,30,1
1169,TRUE,1,14,1302,82,4,FALSE,21.4,38,0
1170,FALSE,0,57,741,44,3,FALSE,27.6,33,0
1171,FALSE,0,39,996,67,2,FALSE,28.1,47,0
1172,FALSE,0,31,957,44,1,FALSE,19.3,50,0
1173,FALSE,0,39,728,39,1,FALSE,21.6,59,1
1174,FALSE,0,54,792,40,2,FALSE,27.9,41,0
1175,FALSE,0,25,1237,54,5,FALSE,30.6,37,0
1176,FALSE,0,46,897,55,5,FALSE,27,50,0
1177,TRUE,1,25,1019,37,3,FALSE,27.1,45,0
1178,TRUE,1,22,889,50,2,FALSE,22.1,49,1
1179,FALSE,0,74,616,36,2,FALSE,21.5,86,0
1180,FALSE,0,52,772,45,2,FALSE,19.9,65,0
1181,FALSE,0,26,1107,79,3,FALSE,20.1,40,0
1182,TRUE,1,24,1142,73,2,FALSE,26.2,62,0
1183,FALSE,0,69,703,57,4,FALSE,29.9,39,0
1184,FALSE,0,37,847,41,5,FALSE,24.4,25,0
1185,FALSE,0,69,709,19,3,FALSE,29.6,68,0
1186,TRUE,1,19,1117,63,2,FALSE,17.9,52,0
1187,FALSE,0,43,819,47,4,FALSE,19.9,50,0
1188,FALSE,0,51,865,58,3,FALSE,29.1,39,0
1189,FALSE,0,31,1241,73,3,FALSE,32,67,0
1190,TRUE,1,14,1296,90,3,FALSE,17.6,52,0
1191,FALSE,0,41,847,58,2,FALSE,15.9,68,0
1192,FALSE,0,33,1018,60,3,FALSE,24.6,55,0
1193,TRUE,1,32,830,42,2,FALSE,21.8,58,0
1194,FALSE,0,56,680,28,3,FALSE,23.8,37,0
1195,FALSE,0,29,1026,49,4,FALSE,20.2,53,0
1196,FALSE,0,26,1043,61,2,FALSE,18.2,34,0
1197,FALSE,0,66,473,13,2,FALSE,22.1,15,0
1198,FALSE,0,48,921,67,3,FALSE,25.7,63,0
1199,FALSE,0,39,1039,61,2,FALSE,27.8,70,0
1200,TRUE,1,23,1141,68,2,FALSE,27.6,55,0
1201,FALSE,0,30,1043,71,3,FALSE,19.4,53,0
1202,FALSE,0,50,781,39,2,FALSE,22.2,55,0
1203,FALSE,0,40,820,52,4,FALSE,22.9,23,0
1204,FALSE,0,26,998,56,2,FALSE,26.9,35,1
1205,FALSE,0,27,1020,71,1,FALSE,16.9,40,0
1206,TRUE,1,24,924,66,6,FALSE,26.5,47,1
1207,FALSE,0,29,1002,43,4,FALSE,30.7,55,1
1208,TRUE,1,43,587,9,5,TRUE,16.8,67,0
1209,TRUE,1,32,934,40,3,FALSE,27.5,72,0
1210,FALSE,0,36,829,33,4,FALSE,18.3,50,0
1211,FALSE,0,50,744,35,3,FALSE,19.4,59,0
1212,FALSE,0,59,746,23,2,FALSE,29.4,46,0
1213,FALSE,0,45,864,56,5,FALSE,23.4,52,0
1214,TRUE,1,31,825,49,2,FALSE,18.2,62,0
1215,TRUE,1,38,822,29,5,FALSE,29.8,56,0
1216,FALSE,0,34,959,76,4,FALSE,21.1,42,0
1217,TRUE,1,57,659,44,1,FALSE,27.9,59,0
1218,TRUE,1,36,718,43,4,FALSE,17.8,62,0
1219,FALSE,0,33,935,62,4,FALSE,20.8,40,0
1220,FALSE,0,33,1050,63,2,FALSE,25.1,57,0
1221,FALSE,0,60,852,66,2,FALSE,28.3,63,0
1222,FALSE,0,31,1091,80,6,FALSE,22.5,61,0
1223,FALSE,0,39,894,37,3,FALSE,24.9,47,0
1224,TRUE,1,25,976,26,3,FALSE,23.2,61,0
1225,FALSE,0,47,1014,58,4,FALSE,31.3,69,0
1226,TRUE,1,15,1015,37,3,FALSE,21.6,35,1
1227,FALSE,0,47,695,21,3,FALSE,23.6,18,0
1228,FALSE,0,39,1014,70,2,FALSE,26.4,63,0
1229,FALSE,0,67,647,26,1,FALSE,28.8,38,0
1230,FALSE,0,70,530,29,6,TRUE,22.1,39,0
1231,TRUE,1,21,1171,78,2,FALSE,23.4,61,0
1232,TRUE,1,24,1039,87,2,FALSE,25,29,0
1233,FALSE,0,39,872,39,5,FALSE,21.5,54,0
1234,FALSE,0,48,889,38,4,FALSE,22.8,83,0
1235,FALSE,0,59,749,45,3,FALSE,29.2,34,0
1236,FALSE,0,51,758,37,5,FALSE,23.9,43,0
1237,FALSE,0,45,825,39,2,FALSE,22.1,56,0
1238,TRUE,1,16,1005,60,3,FALSE,16.9,52,1
1239,TRUE,1,20,1122,67,2,FALSE,24.3,33,0
1240,FALSE,0,71,681,40,1,FALSE,29.8,53,0
1241,FALSE,0,42,717,29,4,FALSE,26.9,44,1
1242,FALSE,0,30,1129,68,1,FALSE,30.9,35,0
1243,FALSE,0,71,552,36,3,FALSE,18.3,64,0
1244,FALSE,0,59,755,58,3,FALSE,19.9,74,0
1245,TRUE,1,28,779,62,2,FALSE,27.4,28,1
1246,FALSE,0,47,980,58,1,FALSE,29.7,66,0
1247,FALSE,0,31,989,74,3,FALSE,17.3,53,0
1248,FALSE,0,41,902,59,2,FALSE,22.1,57,0
1249,TRUE,1,19,861,42,4,FALSE,16.7,44,1
1250,TRUE,1,22,1111,70,4,FALSE,22.4,57,0
1251,FALSE,0,30,1182,98,6,FALSE,26.4,54,0
1252,FALSE,0,39,996,77,2,FALSE,21.3,76,0
1253,FALSE,0,31,964,48,2,FALSE,15.7,72,0
1254,FALSE,0,26,1154,90,4,FALSE,21.7,44,0
1255,TRUE,1,24,958,59,2,FALSE,21.3,33,0
1256,FALSE,0,26,1174,78,3,FALSE,21.1,57,0
1257,FALSE,0,30,1011,53,4,FALSE,25.1,30,0
1258,FALSE,0,36,754,32,3,FALSE,22.7,57,1
1259,FALSE,0,40,978,83,2,FALSE,26.7,43,0
1260,TRUE,1,26,809,41,5,FALSE,21.7,67,1
1261,TRUE,1,36,908,78,5,FALSE,26.8,64,0
1262,FALSE,0,42,935,52,3,FALSE,22.6,72,0
1263,TRUE,1,18,1160,54,4,FALSE,23.6,42,0
1264,FALSE,0,43,843,42,5,FALSE,17.1,78,0
1265,TRUE,1,30,917,68,1,FALSE,25.3,39,0
1266,TRUE,1,13,1135,65,3,FALSE,21.7,32,1
1267,TRUE,1,26,958,65,3,FALSE,20.1,51,0
1268,FALSE,0,49,988,70,3,FALSE,32,56,0
1269,FALSE,0,39,897,31,1,FALSE,21.9,68,0
1270,FALSE,0,34,1010,62,3,FALSE,23.8,57,0
1271,FALSE,0,54,870,57,1,FALSE,32.1,38,0
1272,TRUE,1,18,1025,56,3,FALSE,19.8,62,1
1273,FALSE,0,55,749,35,3,FALSE,27.3,37,0
1274,TRUE,1,33,693,43,3,FALSE,23.7,66,1
1275,FALSE,0,50,769,25,3,FALSE,22.9,55,0
1276,FALSE,0,56,842,51,3,FALSE,29.1,54,0
1277,FALSE,0,40,885,40,3,FALSE,26.6,37,0
1278,FALSE,0,30,1109,83,4,FALSE,25.7,40,0
1279,FALSE,0,35,850,35,5,FALSE,15.9,65,0
1280,TRUE,1,20,1128,46,4,FALSE,23.9,56,0
1281,TRUE,1,26,857,60,3,FALSE,26.3,42,1
1282,TRUE,1,25,1031,75,1,FALSE,21.6,53,0
1283,FALSE,0,27,1155,60,2,FALSE,22.1,71,0
1284,FALSE,0,65,760,46,1,FALSE,31.8,44,0
1285,FALSE,0,37,936,47,3,FALSE,29.4,25,0
1286,FALSE,0,53,825,26,1,FALSE,28.2,58,0
1287,FALSE,0,26,1014,48,2,FALSE,16.1,50,0
1288,TRUE,1,19,978,63,2,FALSE,23.4,39,1
1289,FALSE,0,53,680,32,3,FALSE,20.7,40,0
1290,FALSE,0,34,992,84,1,FALSE,20.5,51,0
1291,FALSE,0,50,694,33,1,FALSE,17.7,49,0
1292,FALSE,0,39,678,37,2,FALSE,20,51,1
1293,FALSE,0,34,1008,49,3,FALSE,27.4,46,0
1294,FALSE,0,34,965,44,5,FALSE,23.2,58,0
1295,FALSE,0,61,608,12,3,FALSE,24.3,36,0
1296,TRUE,1,13,1410,100,5,FALSE,22.2,38,0
1297,FALSE,0,37,1169,85,2,FALSE,31.3,76,0
1298,FALSE,0,33,1157,71,4,FALSE,30.3,65,0
1299,FALSE,0,33,1002,50,3,FALSE,26.8,43,0
1300,FALSE,0,27,970,49,3,FALSE,17.1,32,0
1301,FALSE,0,40,645,22,2,FALSE,17.8,8,0
1302,FALSE,0,20,1332,79,4,FALSE,19.8,63,0
1303,FALSE,0,46,797,22,2,FALSE,23.2,52,0
1304,FALSE,0,43,802,55,1,FALSE,17.4,55,0
1305,TRUE,1,33,946,62,3,FALSE,30.7,52,0
1306,FALSE,0,23,1184,57,5,FALSE,21.7,48,0
1307,FALSE,0,53,800,31,4,FALSE,24.2,65,0
1308,TRUE,1,25,1008,62,2,FALSE,20.9,56,0
1309,TRUE,1,41,806,33,3,FALSE,29.6,60,0
1310,FALSE,0,38,875,51,3,FALSE,20.4,50,0
1311,TRUE,1,27,1054,54,3,FALSE,27.7,60,0
1312,TRUE,1,25,1087,65,3,FALSE,27.4,54,0
1313,TRUE,1,41,721,19,4,FALSE,26.8,52,0
1314,FALSE,0,50,826,25,2,FALSE,27.2,55,0
1315,FALSE,0,67,590,21,2,FALSE,32.2,61,1
1316,FALSE,0,51,870,57,3,FALSE,31,33,0
1317,FALSE,0,72,526,17,3,FALSE,28.2,22,0
1318,FALSE,0,46,893,29,4,FALSE,28.1,58,0
1319,FALSE,0,72,592,31,4,FALSE,27,45,0
1320,TRUE,1,20,988,51,2,FALSE,19.6,24,0
1321,TRUE,1,53,617,23,1,FALSE,25,57,0
1322,FALSE,0,57,724,30,4,FALSE,26.6,40,0
1323,TRUE,1,24,1062,64,4,FALSE,22.9,60,0
1324,FALSE,0,42,951,49,4,FALSE,28,55,0
1325,FALSE,0,34,1136,92,2,FALSE,28.4,61,0
1326,FALSE,0,50,667,38,3,FALSE,20.5,23,0
1327,FALSE,0,47,843,41,1,FALSE,29.1,32,0
1328,TRUE,1,26,831,43,1,FALSE,22.3,64,1
1329,FALSE,0,31,909,45,1,FALSE,16.8,46,0
1330,TRUE,1,71,613,43,2,FALSE,30.4,78,0
1331,FALSE,0,45,910,64,2,FALSE,26.3,47,0
1332,FALSE,0,30,1051,45,3,FALSE,30.7,20,0
1333,TRUE,1,45,619,18,1,FALSE,20.4,60,0
1334,TRUE,1,18,1086,64,2,FALSE,28.7,38,1
1335,FALSE,0,67,599,24,1,FALSE,18.4,74,0
1336,FALSE,0,54,918,66,2,FALSE,27,76,0
1337,TRUE,1,25,1053,56,6,FALSE,23.6,70,0
1338,TRUE,1,23,1110,77,3,FALSE,24.6,54,0
1339,FALSE,0,47,834,41,1,FALSE,27,40,0
1340,FALSE,0,35,1001,56,2,FALSE,26.8,50,0
1341,FALSE,0,26,1173,75,4,FALSE,25.3,41,0
1342,FALSE,0,23,1091,61,4,FALSE,27.2,39,1
1343,FALSE,0,26,1015,57,4,FALSE,17.8,31,0
1344,FALSE,0,54,640,28,4,FALSE,16.7,52,0
1345,FALSE,0,57,791,30,2,FALSE,27.1,63,0
1346,FALSE,0,53,715,14,4,FALSE,22.7,53,0
1347,FALSE,0,37,851,35,2,FALSE,22.1,40,0
1348,TRUE,1,31,809,34,2,FALSE,20.7,55,0
1349,FALSE,0,49,857,52,2,FALSE,24,60,0
1350,FALSE,0,37,862,35,2,FALSE,20.4,53,0
1351,TRUE,1,23,1090,51,3,FALSE,24.9,61,0
1352,TRUE,1,53,532,26,5,TRUE,24.6,28,0
1353,TRUE,1,27,1152,97,2,FALSE,31.6,49,0
1354,TRUE,1,28,790,47,4,FALSE,27.6,40,1
1355,TRUE,1,20,1091,64,4,FALSE,17.4,57,0
1356,TRUE,1,30,1015,73,4,FALSE,25.6,70,0
1357,TRUE,1,45,736,40,2,FALSE,26.4,57,0
1358,TRUE,1,23,991,66,3,FALSE,15.9,59,0
1359,TRUE,1,18,1039,56,1,FALSE,25.3,42,1
1360,TRUE,1,15,1220,79,3,FALSE,24.6,60,1
1361,TRUE,1,31,750,8,3,FALSE,21.6,45,0
1362,FALSE,0,64,701,32,4,FALSE,29.2,42,0
1363,FALSE,0,29,1100,52,1,FALSE,25.4,50,0
1364,TRUE,1,29,957,53,1,FALSE,27.7,43,0
1365,FALSE,0,75,748,44,4,FALSE,31.9,80,0
1366,FALSE,0,51,830,53,2,FALSE,24.3,56,0
1367,FALSE,0,34,980,46,2,FALSE,27.4,39,0
1368,FALSE,0,30,1116,75,2,FALSE,25.8,45,0
1369,FALSE,0,63,680,15,1,FALSE,23.2,71,0
1370,TRUE,1,23,877,27,4,FALSE,17.8,35,0
1371,TRUE,1,28,791,33,2,FALSE,20.3,32,0
1372,TRUE,1,29,741,36,6,FALSE,23.2,55,1
1373,FALSE,0,39,1049,67,4,FALSE,28.4,65,0
1374,FALSE,0,37,891,63,5,FALSE,25.3,21,0
1375,FALSE,0,41,851,25,1,FALSE,23.5,52,0
1376,TRUE,1,52,669,15,7,TRUE,24.4,81,0
1377,FALSE,0,41,899,60,3,FALSE,22.1,54,0
1378,FALSE,0,34,1000,69,3,FALSE,21.7,62,0
1379,FALSE,0,37,978,70,2,FALSE,24.8,50,0
1380,TRUE,1,30,959,53,3,FALSE,30.4,40,0
1381,FALSE,0,33,1019,51,3,FALSE,29.3,34,0
1382,FALSE,0,33,838,43,4,FALSE,15.6,40,0
1383,FALSE,0,43,747,31,4,FALSE,21.3,30,0
1384,FALSE,0,41,814,36,5,FALSE,20.5,49,0
1385,TRUE,1,28,801,32,4,FALSE,30.6,36,1
1386,FALSE,0,28,1083,67,1,FALSE,20.6,54,0
1387,FALSE,0,45,723,42,5,FALSE,17.2,41,0
1388,FALSE,0,32,869,56,2,FALSE,15.7,41,0
1389,FALSE,0,56,789,46,3,FALSE,24.2,61,0
1390,FALSE,0,61,681,52,3,FALSE,19.4,59,0
1391,TRUE,1,24,1016,54,2,FALSE,16.6,82,0
1392,FALSE,0,68,673,33,3,FALSE,28.4,50,0
1393,FALSE,0,47,861,61,7,FALSE,29.4,24,0
1394,FALSE,0,78,438,11,2,FALSE,24.9,36,0
1395,FALSE,0,30,1049,68,2,FALSE,20.2,59,0
1396,FALSE,0,56,709,21,2,FALSE,24.3,48,0
1397,TRUE,1,22,1095,80,4,FALSE,19.5,63,0
1398,FALSE,0,30,1065,58,1,FALSE,21.7,64,0
1399,TRUE,1,33,767,30,4,FALSE,27.5,81,1
1400,FALSE,0,39,841,54,4,FALSE,17.6,54,0
1401,FALSE,0,51,754,23,3,FALSE,24.4,48,0
1402,TRUE,1,14,1189,67,3,FALSE,26.4,42,1
1403,FALSE,0,43,915,53,5,FALSE,26.2,51,0
1404,FALSE,0,38,956,59,4,FALSE,24.3,56,0
1405,FALSE,0,45,854,28,3,FALSE,22.1,72,0
1406,FALSE,0,27,1155,79,4,FALSE,22.2,58,0
1407,FALSE,0,54,770,30,1,FALSE,29.9,30,0
1408,FALSE,0,43,800,43,2,FALSE,22.9,32,0
1409,FALSE,0,33,852,24,2,FALSE,22.8,27,0
1410,FALSE,0,43,1028,78,1,FALSE,28.4,65,0
1411,FALSE,0,35,777,41,2,FALSE,16.4,29,0
1412,FALSE,0,40,723,26,2,FALSE,16.2,41,0
1413,FALSE,0,41,883,55,3,FALSE,26.2,32,0
1414,FALSE,0,32,1049,47,4,FALSE,23.8,67,0
1415,FALSE,0,43,953,48,2,FALSE,25.6,72,0
1416,TRUE,1,32,861,51,8,FALSE,22.8,61,0
1417,FALSE,0,61,668,48,4,FALSE,23.6,36,0
1418,TRUE,1,45,588,37,1,FALSE,19.1,45,0
1419,FALSE,0,62,579,26,1,FALSE,17.3,53,0
1420,FALSE,0,75,589,46,2,FALSE,25.8,52,0
1421,TRUE,1,58,544,10,6,TRUE,29.7,33,0
1422,TRUE,1,34,658,33,4,FALSE,16.2,46,0
1423,FALSE,0,52,817,40,5,FALSE,23.1,68,0
1424,FALSE,0,52,722,26,3,FALSE,24.7,34,0
1425,FALSE,0,45,854,57,2,FALSE,20.8,61,0
1426,FALSE,0,25,1170,79,4,FALSE,22.6,44,0
1427,FALSE,0,26,1266,84,3,FALSE,28.7,53,0
1428,FALSE,0,30,1059,50,2,FALSE,22.8,58,0
1429,FALSE,0,31,1056,62,2,FALSE,23.6,51,0
1430,FALSE,0,38,933,34,3,FALSE,22.7,72,0
1431,TRUE,1,24,895,41,1,FALSE,20,29,0
1432,FALSE,0,34,1084,69,4,FALSE,29.7,53,0
1433,FALSE,0,49,835,41,1,FALSE,23.9,60,0
1434,TRUE,1,27,726,39,2,FALSE,20.7,49,1
1435,FALSE,0,39,971,84,3,FALSE,25.6,40,0
1436,TRUE,1,34,886,39,2,FALSE,25.1,77,0
1437,FALSE,0,76,543,29,3,FALSE,23,63,0
1438,FALSE,0,82,561,41,6,TRUE,28.8,65,0
1439,TRUE,1,33,851,45,6,FALSE,29.6,33,0
1440,FALSE,0,42,918,51,1,FALSE,27.3,43,0
1441,TRUE,1,14,1041,45,1,FALSE,21.5,21,1
1442,FALSE,0,29,1087,62,2,FALSE,22.8,54,0
1443,FALSE,0,31,851,22,2,FALSE,20.1,24,0
1444,FALSE,0,23,1070,44,5,FALSE,20.6,22,0
1445,FALSE,0,55,761,38,4,FALSE,23.2,58,0
1446,FALSE,0,39,882,40,2,FALSE,27.8,27,0
1447,FALSE,0,32,887,51,3,FALSE,17,43,0
1448,FALSE,0,32,1187,83,2,FALSE,31.8,55,0
1449,TRUE,1,27,1084,81,3,FALSE,30.1,48,0
1450,FALSE,0,60,758,38,2,FALSE,26.1,60,0
1451,FALSE,0,34,879,26,2,FALSE,23.9,37,0
1452,TRUE,1,25,929,70,4,FALSE,18.2,43,0
1453,FALSE,0,29,1106,73,3,FALSE,27.7,31,0
1454,FALSE,0,51,680,39,3,FALSE,20.8,29,0
1455,TRUE,1,16,1103,48,3,FALSE,24.9,49,1
1456,FALSE,0,53,809,49,3,FALSE,26.8,44,0
1457,FALSE,0,52,745,41,3,FALSE,19.8,58,0
1458,FALSE,0,57,790,44,1,FALSE,30.7,34,0
1459,FALSE,0,28,1020,55,2,FALSE,19.7,42,0
1460,FALSE,0,38,981,70,2,FALSE,19.4,82,0
1461,FALSE,0,70,651,34,5,TRUE,27.2,54,0
1462,TRUE,1,62,644,33,4,FALSE,31.9,56,0
1463,FALSE,0,47,820,42,4,FALSE,26.6,35,0
1464,FALSE,0,49,851,53,5,FALSE,20.1,78,0
1465,TRUE,1,47,684,32,5,TRUE,23.5,65,0
1466,FALSE,0,59,839,51,2,FALSE,27.3,70,0
1467,FALSE,0,50,826,25,2,FALSE,26,61,0
1468,FALSE,0,59,731,56,3,FALSE,23.8,48,0
1469,FALSE,0,31,899,49,2,FALSE,16.2,41,0
1470,FALSE,0,41,829,32,2,FALSE,24.2,37,0
1471,FALSE,0,48,800,56,2,FALSE,19.9,55,0
1472,FALSE,0,41,769,18,3,FALSE,20.8,40,0
1473,FALSE,0,36,921,62,5,FALSE,20.8,52,0
1474,TRUE,1,21,1075,45,5,FALSE,22.4,51,0
1475,FALSE,0,47,815,32,2,FALSE,23.2,56,0
1476,TRUE,1,39,789,59,2,FALSE,26.2,46,0
1477,FALSE,0,34,1072,74,3,FALSE,28.4,52,0
1478,FALSE,0,32,873,23,1,FALSE,20.4,38,0
1479,FALSE,0,36,1039,69,3,FALSE,31.4,36,0
1480,TRUE,1,24,770,39,3,FALSE,19.1,45,1
1481,FALSE,0,30,906,66,4,FALSE,26.5,35,1
1482,FALSE,0,30,1106,53,4,FALSE,26.7,53,0
1483,FALSE,0,53,744,50,2,FALSE,16.9,71,0
1484,FALSE,0,60,574,27,3,FALSE,16.8,47,0
1485,FALSE,0,33,1082,72,7,FALSE,27.1,56,0
1486,FALSE,0,34,806,22,3,FALSE,19.2,38,0
1487,FALSE,0,56,895,52,2,FALSE,31.1,61,0
1488,TRUE,1,21,1184,74,2,FALSE,27.8,49,0
1489,FALSE,0,44,718,24,1,FALSE,23.7,15,0
1490,FALSE,0,26,1109,58,4,FALSE,19.4,56,0
1491,FALSE,0,21,1162,83,3,FALSE,21.8,59,1
1492,FALSE,0,42,859,42,1,FALSE,21.6,57,0
1493,FALSE,0,25,1050,43,6,FALSE,16.2,49,0
1494,TRUE,1,32,1039,86,3,FALSE,31.8,58,0
1495,FALSE,0,34,1083,78,3,FALSE,29.6,48,0
1496,TRUE,1,38,761,41,3,FALSE,22.3,63,0
1497,TRUE,1,28,905,42,3,FALSE,26.4,32,0
1498,FALSE,0,29,1183,67,2,FALSE,27.1,60,0
1499,FALSE,0,38,1029,75,4,FALSE,27.3,56,0
1500,FALSE,0,71,714,32,4,FALSE,31.3,60,0
1501,TRUE,1,28,967,38,3,FALSE,28.2,46,0
1502,TRUE,1,18,988,46,3,FALSE,19.7,54,1
1503,TRUE,1,12,1397,76,3,FALSE,17.6,58,0
1504,FALSE,0,75,563,15,4,FALSE,28.2,50,0
1505,FALSE,0,43,887,63,5,FALSE,26.8,30,0
1506,FALSE,0,21,1230,75,4,FALSE,17.8,57,0
1507,TRUE,1,22,1229,82,3,FALSE,31.7,41,0
1508,FALSE,0,42,767,26,5,FALSE,22.3,31,0
1509,FALSE,0,43,831,29,2,FALSE,21.4,59,0
1510,TRUE,1,30,1087,86,3,FALSE,29.7,71,0
1511,FALSE,0,33,1125,91,3,FALSE,27.7,51,0
1512,FALSE,0,64,705,30,3,FALSE,25.9,61,0
1513,FALSE,0,34,993,56,2,FALSE,26.3,43,0
1514,TRUE,1,21,911,40,4,FALSE,23.6,46,1
1515,FALSE,0,64,767,60,1,FALSE,25.3,66,0
1516,FALSE,0,34,965,52,2,FALSE,25.2,45,0
1517,FALSE,0,27,1065,60,3,FALSE,17.8,59,0
1518,FALSE,0,43,894,40,3,FALSE,28.4,41,0
1519,FALSE,0,89,351,21,2,FALSE,27.1,52,0
1520,TRUE,1,24,1072,32,2,FALSE,23.1,83,0
1521,FALSE,0,58,753,41,4,FALSE,22.9,64,0
1522,FALSE,0,62,864,63,2,FALSE,28,78,0
1523,FALSE,0,63,746,39,3,FALSE,24.6,73,0
1524,FALSE,0,73,682,39,1,FALSE,30.5,59,0
1525,FALSE,0,25,1122,64,2,FALSE,22.1,33,0
1526,FALSE,0,52,857,50,5,FALSE,26.9,57,0
1527,FALSE,0,26,1169,68,6,FALSE,23.5,50,0
1528,FALSE,0,47,736,33,3,FALSE,21.3,37,0
1529,FALSE,0,19,1274,90,3,FALSE,20,23,0
1530,FALSE,0,22,1121,58,1,FALSE,20.2,26,0
1531,FALSE,0,50,821,39,5,FALSE,26.8,46,0
1532,FALSE,0,72,685,36,2,FALSE,29.1,62,0
1533,FALSE,0,57,665,30,3,FALSE,27.2,18,0
1534,FALSE,0,40,941,63,3,FALSE,21.7,66,0
1535,FALSE,0,44,770,53,2,FALSE,22.3,23,0
1536,TRUE,1,18,1198,76,2,FALSE,21.8,45,0
1537,TRUE,1,48,644,40,3,FALSE,19.9,66,0
1538,FALSE,0,66,648,33,2,FALSE,22.9,60,0
1539,TRUE,1,17,1015,52,4,FALSE,19.8,53,1
1540,TRUE,1,16,1112,68,2,FALSE,22.6,49,1
1541,TRUE,1,16,1107,67,8,FALSE,22,55,1
1542,TRUE,1,19,873,43,2,FALSE,16.7,44,1
1543,FALSE,0,73,550,11,2,FALSE,26.2,49,0
1544,FALSE,0,37,835,44,3,FALSE,18.2,50,0
1545,FALSE,0,42,899,56,3,FALSE,19.7,72,0
1546,FALSE,0,48,681,24,2,FALSE,25,67,1
1547,FALSE,0,39,941,34,5,FALSE,25.1,64,0
1548,FALSE,0,37,835,36,1,FALSE,17.8,56,0
1549,FALSE,0,32,992,63,3,FALSE,20.3,57,0
1550,FALSE,0,60,828,55,2,FALSE,28.1,62,0
1551,FALSE,0,41,1052,79,3,FALSE,30.4,56,0
1552,TRUE,1,13,1116,67,4,FALSE,17.9,44,1
1553,FALSE,0,38,1090,61,1,FALSE,32.1,63,0
1554,TRUE,1,16,1296,93,4,FALSE,20.7,57,0
1555,TRUE,1,32,791,41,2,FALSE,22.8,43,0
1556,TRUE,1,29,793,54,3,FALSE,16.6,44,0
1557,FALSE,0,51,706,33,3,FALSE,21.8,36,0
1558,FALSE,0,25,1115,72,1,FALSE,22.4,28,0
1559,FALSE,0,37,919,59,3,FALSE,22.7,45,0
1560,FALSE,0,69,588,23,2,FALSE,22.2,62,0
1561,FALSE,0,34,979,61,5,FALSE,18.7,71,0
1562,TRUE,1,39,736,43,1,FALSE,22.2,58,0
1563,TRUE,1,25,917,21,2,FALSE,19.2,62,0
1564,FALSE,0,30,1114,72,1,FALSE,27.4,39,0
1565,FALSE,0,33,943,48,1,FALSE,24.8,28,0
1566,FALSE,0,36,879,43,1,FALSE,22.1,43,0
1567,TRUE,1,25,1025,49,4,FALSE,25.1,52,0
1568,FALSE,0,31,868,38,1,FALSE,15.7,44,0
1569,FALSE,0,31,1002,67,3,FALSE,29,64,1
1570,FALSE,0,42,1017,82,2,FALSE,28.2,55,0
1571,FALSE,0,55,797,65,3,FALSE,25.9,41,0
1572,FALSE,0,72,599,28,3,FALSE,22.8,70,0
1573,FALSE,0,34,817,48,4,FALSE,15.7,40,0
1574,TRUE,1,22,891,37,1,FALSE,16.2,32,0
1575,FALSE,0,45,932,47,1,FALSE,29.3,53,0
1576,FALSE,0,30,986,52,3,FALSE,18.1,56,0
1577,FALSE,0,31,930,32,2,FALSE,24.4,25,0
1578,TRUE,1,35,923,68,1,FALSE,31.3,49,0
1579,FALSE,0,66,658,54,3,FALSE,28.2,24,0
1580,FALSE,0,57,859,48,3,FALSE,31.7,52,0
1581,TRUE,1,26,1069,72,4,FALSE,27.8,47,0
1582,FALSE,0,34,967,62,4,FALSE,23.9,41,0
1583,FALSE,0,75,593,50,2,FALSE,28.6,34,0
1584,FALSE,0,56,694,16,4,FALSE,24.4,47,0
1585,FALSE,0,45,681,25,2,FALSE,17.8,35,0
1586,TRUE,1,35,891,43,4,FALSE,27.9,71,0
1587,FALSE,0,31,1025,51,3,FALSE,22.3,59,0
1588,FALSE,0,46,849,35,3,FALSE,20.7,75,0
1589,FALSE,0,47,711,20,3,FALSE,17.6,55,0
1590,FALSE,0,55,876,38,2,FALSE,31,61,0
1591,TRUE,1,29,1056,39,3,FALSE,28.6,88,0
1592,FALSE,0,38,782,46,2,FALSE,19.7,25,0
1593,TRUE,1,20,1165,75,5,FALSE,30.3,19,0
1594,FALSE,0,69,534,10,1,FALSE,25.1,34,0
1595,FALSE,0,57,668,24,2,FALSE,18.5,64,0
1596,FALSE,0,25,1173,95,4,FALSE,22.5,29,0
1597,FALSE,0,32,1059,50,1,FALSE,22.2,74,0
1598,FALSE,0,45,993,93,4,FALSE,24.2,69,0
1599,TRUE,1,61,661,27,1,FALSE,28.2,83,0
1600,FALSE,0,18,1403,88,6,FALSE,28.4,20,0
1601,FALSE,0,42,944,52,2,FALSE,30.7,36,0
1602,TRUE,1,23,1028,38,2,FALSE,21,61,0
1603,FALSE,0,36,940,64,1,FALSE,22.2,48,0
1604,FALSE,0,29,1054,46,3,FALSE,20.8,62,0
1605,FALSE,0,29,998,57,3,FALSE,20.4,34,0
1606,FALSE,0,35,881,39,1,FALSE,19.1,56,0
1607,FALSE,0,27,1049,46,6,FALSE,31.4,51,1
1608,FALSE,0,50,787,48,2,FALSE,21.8,51,0
1609,FALSE,0,23,1297,82,3,FALSE,22.8,68,0
1610,FALSE,0,63,737,38,3,FALSE,30.2,42,0
1611,FALSE,0,32,1066,88,4,FALSE,22.2,55,0
1612,FALSE,0,30,1097,83,2,FALSE,26.6,31,0
1613,FALSE,0,28,1057,58,1,FALSE,21.3,47,0
1614,FALSE,0,58,624,26,2,FALSE,23.7,26,0
1615,TRUE,1,24,1026,61,3,FALSE,23.8,40,0
1616,TRUE,1,24,1051,60,2,FALSE,24.5,51,0
1617,FALSE,0,68,532,22,4,FALSE,17.3,63,0
1618,FALSE,0,25,1163,79,3,FALSE,21.8,45,0
1619,FALSE,0,46,868,64,2,FALSE,23.7,50,0
1620,FALSE,0,45,1014,65,3,FALSE,30,65,0
1621,FALSE,0,58,556,13,4,FALSE,20.5,27,0
1622,TRUE,1,20,1163,78,4,FALSE,22.4,49,0
1623,FALSE,0,41,894,55,4,FALSE,23.5,49,0
1624,FALSE,0,49,832,45,5,FALSE,22.1,65,0
1625,FALSE,0,44,831,28,2,FALSE,24.3,49,0
1626,TRUE,1,30,872,47,3,FALSE,26.4,37,0
1627,FALSE,0,34,817,22,2,FALSE,22.8,22,0
1628,FALSE,0,54,613,19,2,FALSE,18.1,40,0
1629,FALSE,0,54,848,45,7,FALSE,26.7,66,0
1630,FALSE,0,69,717,45,3,FALSE,24.7,78,0
1631,FALSE,0,69,690,53,3,FALSE,23.3,70,0
1632,FALSE,0,59,667,24,4,FALSE,25.1,37,0
1633,FALSE,0,63,708,57,3,FALSE,23.9,50,0
1634,FALSE,0,54,740,31,3,FALSE,20.8,64,0
1635,TRUE,1,39,834,58,3,FALSE,29.7,43,0
1636,TRUE,1,26,806,57,5,FALSE,25.3,36,1
1637,FALSE,0,36,986,72,2,FALSE,24.8,49,0
1638,FALSE,0,41,806,48,3,FALSE,20.4,36,0
1639,TRUE,1,34,727,55,2,FALSE,22.4,26,0
1640,FALSE,0,20,1365,87,5,FALSE,27,37,0
1641,FALSE,0,80,501,7,1,FALSE,25.3,71,0
1642,FALSE,0,47,861,32,1,FALSE,25.7,61,0
1643,FALSE,0,27,1275,96,4,FALSE,28.4,54,0
1644,TRUE,1,32,806,67,2,FALSE,19.6,47,0
1645,FALSE,0,41,951,74,2,FALSE,26.7,43,0
1646,TRUE,1,31,911,59,5,FALSE,26.1,48,0
1647,FALSE,0,61,640,21,4,FALSE,21.6,53,0
1648,TRUE,1,15,1252,84,5,FALSE,24,76,1
1649,TRUE,1,32,897,53,5,FALSE,26.7,51,0
1650,FALSE,0,31,1003,58,2,FALSE,21.9,48,0
1651,TRUE,1,28,735,48,5,FALSE,20.6,55,1
1652,FALSE,0,39,958,50,4,FALSE,24,66,0
1653,FALSE,0,73,695,34,3,FALSE,29,73,0
1654,TRUE,1,21,1178,79,2,FALSE,23.4,56,0
1655,FALSE,0,35,922,56,2,FALSE,23.5,39,0
1656,FALSE,0,33,1087,59,3,FALSE,28.8,56,0
1657,TRUE,1,18,1033,58,2,FALSE,22.5,49,1
1658,FALSE,0,40,870,49,6,FALSE,24,40,0
1659,TRUE,1,21,1181,85,3,FALSE,29.7,30,0
1660,FALSE,0,24,1348,93,5,FALSE,27.9,62,0
1661,FALSE,0,34,1040,49,3,FALSE,26.9,60,0
1662,TRUE,1,23,1180,75,2,FALSE,30.2,49,0
1663,FALSE,0,20,1299,73,3,FALSE,23.7,39,0
1664,TRUE,1,21,978,53,3,FALSE,15.6,46,0
1665,FALSE,0,45,899,37,2,FALSE,31.4,35,0
1666,FALSE,0,33,918,63,3,FALSE,19,41,0
1667,TRUE,1,17,1161,69,4,FALSE,29.3,48,1
1668,FALSE,0,37,990,67,2,FALSE,26,50,0
1669,FALSE,0,28,1056,73,4,FALSE,18.7,49,0
1670,FALSE,0,58,861,51,2,FALSE,30.8,58,0
1671,TRUE,1,17,855,44,5,FALSE,17.3,16,1
1672,TRUE,1,26,932,59,3,FALSE,25.6,80,1
1673,FALSE,0,55,938,68,7,FALSE,28.7,76,0
1674,FALSE,0,51,864,52,2,FALSE,26.5,56,0
1675,TRUE,1,32,756,37,3,FALSE,23.6,29,0
1676,FALSE,0,29,1144,72,2,FALSE,24.7,61,0
1677,FALSE,0,34,1014,77,2,FALSE,30.8,15,0
1678,TRUE,1,68,424,13,2,FALSE,20.2,70,0
1679,FALSE,0,70,698,42,3,FALSE,27.8,63,0
1680,FALSE,0,47,674,34,2,FALSE,18.3,30,0
1681,FALSE,0,64,654,15,1,FALSE,24.6,60,0
1682,FALSE,0,64,846,76,3,FALSE,32.2,48,0
1683,FALSE,0,39,1061,83,3,FALSE,29.9,52,0
1684,TRUE,1,23,978,52,3,FALSE,19.8,46,0
1685,FALSE,0,40,760,18,2,FALSE,17.2,53,0
1686,FALSE,0,40,925,54,2,FALSE,22.1,65,0
1687,FALSE,0,65,652,35,3,FALSE,26.4,38,0
1688,FALSE,0,35,793,38,2,FALSE,22.9,6,0
1689,TRUE,1,20,958,60,2,FALSE,17.9,73,1
1690,FALSE,0,58,721,52,3,FALSE,28.2,20,0
1691,FALSE,0,56,825,45,1,FALSE,28.3,56,0
1692,FALSE,0,75,471,7,1,FALSE,22.9,50,0
1693,FALSE,0,70,685,32,3,FALSE,30.1,55,0
1694,TRUE,1,19,1247,74,4,FALSE,23,66,0
1695,FALSE,0,37,879,41,1,FALSE,21.1,50,0
1696,FALSE,0,31,1000,69,3,FALSE,18.9,56,0
1697,TRUE,1,30,823,24,4,FALSE,24.7,36,0
1698,FALSE,0,43,880,64,2,FALSE,21.6,53,0
1699,FALSE,0,29,1103,54,1,FALSE,26.7,48,0
1700,FALSE,0,56,718,48,1,FALSE,19.7,59,0
1701,FALSE,0,29,1130,54,3,FALSE,25.7,61,0
1702,TRUE,1,24,985,55,3,FALSE,20.9,44,0
1703,FALSE,0,46,780,45,3,FALSE,23.3,31,0
1704,FALSE,0,34,877,47,1,FALSE,21.7,33,0
1705,TRUE,1,35,638,24,1,FALSE,18.9,37,0
1706,TRUE,1,28,915,57,3,FALSE,21.8,53,0
1707,FALSE,0,43,821,46,5,FALSE,23.1,39,0
1708,FALSE,0,54,693,31,3,FALSE,20.2,51,0
1709,FALSE,0,64,659,27,2,FALSE,21.8,66,0
1710,FALSE,0,32,939,48,2,FALSE,20.9,43,0
1711,FALSE,0,47,851,44,2,FALSE,23.7,59,0
1712,FALSE,0,57,686,30,3,FALSE,22.8,47,0
1713,FALSE,0,33,937,57,3,FALSE,21.3,44,0
1714,FALSE,0,23,1304,96,2,FALSE,25.8,43,0
1715,TRUE,1,28,850,27,2,FALSE,21.5,50,0
1716,FALSE,0,40,802,27,3,FALSE,21.4,42,0
1717,TRUE,1,25,1063,58,2,FALSE,25,65,0
1718,FALSE,0,70,641,33,2,FALSE,27.9,49,0
1719,TRUE,1,28,1011,72,3,FALSE,24.8,59,0
1720,FALSE,0,54,880,53,1,FALSE,26.3,72,0
1721,TRUE,1,31,764,17,2,FALSE,19.6,57,0
1722,FALSE,0,21,1145,55,2,FALSE,18.9,27,0
1723,FALSE,0,28,855,57,4,FALSE,20.8,31,1
1724,FALSE,0,42,908,44,3,FALSE,27.3,44,0
1725,FALSE,0,76,565,14,2,FALSE,27.1,62,0
1726,TRUE,1,16,1104,50,2,FALSE,26.3,45,1
1727,FALSE,0,34,900,44,2,FALSE,21.2,45,0
1728,TRUE,1,43,699,46,3,FALSE,22.1,56,0
1729,TRUE,1,20,875,44,3,FALSE,18.8,50,1
1730,TRUE,1,24,799,27,3,FALSE,22.8,50,1
1731,TRUE,1,27,909,63,4,FALSE,18.9,46,0
1732,FALSE,0,42,843,27,3,FALSE,21,65,0
1733,FALSE,0,27,1205,76,3,FALSE,27.1,48,0
1734,FALSE,0,50,768,30,5,FALSE,22.6,54,0
1735,FALSE,0,32,1106,80,3,FALSE,26.3,57,0
1736,FALSE,0,33,1024,40,3,FALSE,26.7,54,0
1737,TRUE,1,20,1117,67,1,FALSE,19.7,54,0
1738,FALSE,0,43,792,24,4,FALSE,24.6,34,0
1739,TRUE,1,58,631,34,5,TRUE,23.2,82,0
1740,FALSE,0,29,1254,93,4,FALSE,30.6,57,0
1741,TRUE,1,13,1094,86,3,FALSE,15.9,32,1
1742,FALSE,0,48,778,45,2,FALSE,16.4,73,0
1743,FALSE,0,31,795,36,2,FALSE,21.1,46,1
1744,TRUE,1,25,913,40,2,FALSE,26.9,71,1
1745,FALSE,0,77,611,12,3,FALSE,31.1,63,0
1746,FALSE,0,22,1282,82,5,FALSE,23.2,45,0
1747,FALSE,0,33,859,49,3,FALSE,26.2,50,1
1748,FALSE,0,58,677,29,2,FALSE,24.4,38,0
1749,TRUE,1,16,1010,59,1,FALSE,21.4,22,1
1750,FALSE,0,20,1304,72,4,FALSE,23.7,37,0
1751,FALSE,0,35,924,41,4,FALSE,23.1,50,0
1752,FALSE,0,65,784,57,3,FALSE,31.7,44,0
